customer_id,customer_name,segment
C01,Customer 01,NDT Service Co.
C02,Customer 02,Steel & Forging
C03,Customer 03,Dealer
C04,Customer 04,NDT Service Co.
C05,Customer 05,Automotive
C06,Customer 06,Dealer
C07,Customer 07,NDT Service Co.
C08,Customer 08,NDT Service Co.
C09,Customer 09,Automotive
C10,Customer 10,Oil & Gas
C11,Customer 11,Steel & Forging
C12,Customer 12,Dealer
C13,Customer 13,Railways
C14,Customer 14,Aerospace
C15,Customer 15,Steel & Forging
C16,Customer 16,Automotive
C17,Customer 17,Oil & Gas
C18,Customer 18,Automotive
C19,Customer 19,Aerospace
C20,Customer 20,Railways
C21,Customer 21,NDT Service Co.
C22,Customer 22,Steel & Forging
C23,Customer 23,Dealer
C24,Customer 24,Dealer
C25,Customer 25,NDT Service Co.
C26,Customer 26,Automotive
C27,Customer 27,Oil & Gas
C28,Customer 28,Automotive
C29,Customer 29,Automotive
C30,Customer 30,NDT Service Co.
C31,Customer 31,NDT Service Co.
C32,Customer 32,Dealer
C33,Customer 33,Steel & Forging
C34,Customer 34,Steel & Forging
C35,Customer 35,Oil & Gas
C36,Customer 36,Automotive
C37,Customer 37,Automotive
C38,Customer 38,Oil & Gas
C39,Customer 39,Automotive
C40,Customer 40,NDT Service Co.
