order_date,receipt_date,product_id,supplier_id,quantity,unit_cost_inr
2024-07-29,2024-09-02,P12,S4,14,2660.0
2024-07-02,2024-09-02,P24,S1,2,286610.0
2024-08-10,2024-09-03,P01,S1,34,14400.0
2024-08-27,2024-09-04,P05,S2,214,520.0
2024-08-22,2024-09-05,P03,S1,28,5970.0
2024-08-11,2024-09-10,P04,S1,6,25420.0
2024-08-30,2024-09-10,P03,S1,28,6130.0
2024-09-03,2024-09-10,P08,S3,658,200.0
2024-08-07,2024-09-11,P14,S4,16,1360.0
2024-08-31,2024-09-12,P19,S1,12,1110.0
2024-08-20,2024-09-14,P02,S1,21,19880.0
2024-09-07,2024-09-19,P05,S2,214,530.0
2024-09-08,2024-09-21,P23,S2,10,2670.0
2024-09-08,2024-09-22,P19,S1,12,1110.0
2024-09-11,2024-09-26,P01,S1,34,14020.0
2024-09-22,2024-10-01,P06,S2,191,460.0
2024-09-25,2024-10-03,P09,S3,708,200.0
2024-10-01,2024-10-10,P05,S2,214,520.0
2024-09-27,2024-10-10,P19,S1,12,1120.0
2024-09-19,2024-10-11,P02,S1,21,20590.0
2024-09-20,2024-10-13,P02,S1,21,19850.0
2024-09-08,2024-10-16,P04,S1,6,24500.0
2024-09-15,2024-10-19,P17,S5,5,17530.0
2024-09-23,2024-10-20,P04,S1,6,23700.0
2024-08-30,2024-10-22,P16,S5,5,21220.0
2024-10-02,2024-10-23,P01,S1,34,14220.0
2024-10-22,2024-10-29,P08,S3,658,210.0
2024-10-22,2024-11-05,P07,S2,71,3100.0
2024-10-26,2024-11-06,P06,S2,191,480.0
2024-11-04,2024-11-11,P09,S3,708,190.0
2024-10-31,2024-11-15,P19,S1,12,1130.0
2024-10-25,2024-11-16,P07,S2,71,3140.0
2024-10-27,2024-11-17,P01,S1,34,14820.0
2024-10-19,2024-11-17,P12,S4,14,2710.0
2024-10-22,2024-11-18,P02,S1,21,19020.0
2024-10-31,2024-11-27,P04,S1,6,25520.0
2024-11-28,2024-12-15,P23,S2,10,2510.0
2024-11-19,2024-12-16,P15,S5,11,17250.0
2024-12-06,2024-12-16,P03,S1,28,5980.0
2024-12-01,2024-12-16,P03,S1,28,6050.0
2024-11-17,2024-12-19,P04,S1,6,24950.0
2024-11-19,2024-12-19,P21,S1,2,7440.0
2024-12-07,2024-12-19,P18,S4,45,350.0
2024-12-07,2024-12-20,P03,S1,28,6360.0
2024-11-30,2024-12-24,P02,S1,21,20230.0
2024-11-29,2024-12-24,P12,S4,14,2820.0
2024-12-18,2024-12-25,P08,S3,658,210.0
2024-12-14,2024-12-25,P07,S2,71,3220.0
2024-12-25,2025-01-01,P10,S3,597,150.0
2024-12-23,2025-01-02,P06,S2,191,480.0
2024-12-25,2025-01-07,P18,S4,45,340.0
2024-12-28,2025-01-09,P03,S1,28,6360.0
2024-12-13,2025-01-09,P21,S1,2,8020.0
2024-12-11,2025-01-10,P13,S4,8,4140.0
2024-12-29,2025-01-14,P23,S2,10,2670.0
2024-12-22,2025-01-14,P11,S4,26,880.0
2025-01-08,2025-01-15,P08,S3,658,210.0
2025-01-09,2025-01-16,P08,S3,658,210.0
2025-01-14,2025-01-21,P08,S3,658,220.0
2025-01-15,2025-01-22,P08,S3,658,210.0
2024-12-31,2025-01-22,P01,S1,34,14270.0
2024-12-20,2025-01-23,P21,S1,2,7850.0
2025-01-02,2025-01-26,P14,S4,16,1320.0
2024-12-19,2025-01-31,P16,S5,5,20330.0
2025-01-02,2025-01-31,P12,S4,14,2790.0
2025-01-18,2025-02-01,P22,S1,5,880.0
2024-12-23,2025-02-03,P20,S1,2,36350.0
2025-01-14,2025-02-10,P12,S4,14,2930.0
2025-02-01,2025-02-11,P05,S2,214,500.0
2025-01-13,2025-02-12,P21,S1,2,7600.0
2025-02-03,2025-02-14,P06,S2,191,470.0
2024-12-01,2025-02-15,P16,S5,5,21330.0
2025-01-13,2025-02-15,P04,S1,6,25650.0
2025-01-29,2025-02-16,P07,S2,71,3080.0
2025-01-25,2025-02-20,P12,S4,14,2810.0
2025-02-18,2025-02-25,P08,S3,658,200.0
2025-02-03,2025-02-28,P12,S4,14,2850.0
2025-02-17,2025-03-02,P23,S2,10,2550.0
2025-02-04,2025-03-05,P21,S1,2,7890.0
2025-01-22,2025-03-07,P17,S5,5,17720.0
2025-02-21,2025-03-07,P19,S1,12,1120.0
2025-03-08,2025-03-15,P08,S3,658,210.0
2025-03-02,2025-03-17,P07,S2,71,2990.0
2025-01-31,2025-03-19,P20,S1,2,38600.0
2025-03-07,2025-03-20,P19,S1,12,1100.0
2025-02-02,2025-03-22,P13,S4,8,4180.0
2025-03-05,2025-03-22,P07,S2,71,3020.0
2025-02-26,2025-03-25,P15,S5,11,15840.0
2024-12-22,2025-03-26,P16,S5,5,21150.0
2025-03-13,2025-03-27,P19,S1,12,1070.0
2025-03-14,2025-03-28,P03,S1,28,6450.0
2025-03-22,2025-03-29,P10,S3,597,150.0
2025-01-30,2025-03-31,P15,S5,11,15690.0
2025-02-25,2025-03-31,P12,S4,14,2810.0
2025-01-26,2025-04-02,P24,S1,2,275860.0
2025-03-14,2025-04-03,P01,S1,34,14810.0
2025-03-19,2025-04-06,P07,S2,71,3100.0
2025-02-15,2025-04-09,P20,S1,2,39410.0
2025-04-01,2025-04-15,P07,S2,71,3140.0
2025-02-23,2025-04-16,P15,S5,11,16540.0
2025-03-25,2025-04-18,P01,S1,34,15150.0
2025-04-12,2025-04-23,P05,S2,214,540.0
2025-03-30,2025-04-25,P18,S4,45,340.0
2025-04-08,2025-05-02,P14,S4,16,1330.0
2025-04-08,2025-05-05,P15,S5,11,16610.0
2025-04-23,2025-05-07,P19,S1,12,1140.0
2025-03-31,2025-05-10,P15,S5,11,16210.0
2025-04-11,2025-05-14,P13,S4,8,4370.0
2025-05-07,2025-05-14,P10,S3,597,150.0
2025-04-13,2025-05-14,P04,S1,6,24930.0
2025-04-30,2025-05-16,P19,S1,12,1110.0
2025-04-21,2025-05-17,P16,S5,5,20610.0
2025-05-04,2025-05-17,P18,S4,45,340.0
2025-03-31,2025-05-17,P20,S1,2,38920.0
2025-04-17,2025-05-22,P13,S4,8,4090.0
2025-05-06,2025-05-22,P23,S2,10,2600.0
2025-05-11,2025-05-24,P07,S2,71,3080.0
2025-05-14,2025-05-31,P22,S1,5,920.0
2025-05-09,2025-06-03,P14,S4,16,1350.0
2025-04-21,2025-06-06,P20,S1,2,37520.0
2025-05-27,2025-06-15,P18,S4,45,340.0
2025-05-31,2025-06-17,P02,S1,21,20750.0
2025-06-03,2025-06-18,P22,S1,5,930.0
2025-05-30,2025-06-19,P02,S1,21,20050.0
2025-06-06,2025-06-21,P03,S1,28,6280.0
2025-06-13,2025-06-26,P22,S1,5,930.0
2025-05-25,2025-06-29,P12,S4,14,2810.0
2025-06-12,2025-07-01,P14,S4,16,1260.0
2025-06-15,2025-07-01,P22,S1,5,880.0
2025-06-13,2025-07-02,P01,S1,34,14960.0
2025-06-21,2025-07-05,P23,S2,10,2550.0
2025-06-15,2025-07-05,P02,S1,21,20230.0
2025-06-26,2025-07-07,P06,S2,191,500.0
2025-06-25,2025-07-08,P18,S4,45,340.0
2025-06-17,2025-07-11,P01,S1,34,14740.0
2025-06-03,2025-07-11,P16,S5,5,20250.0
2025-07-01,2025-07-12,P06,S2,191,470.0
2025-07-03,2025-07-12,P05,S2,214,510.0
2025-05-25,2025-07-13,P17,S5,5,18290.0
2025-06-19,2025-07-14,P02,S1,21,18970.0
2025-07-15,2025-07-22,P10,S3,597,150.0
2025-06-20,2025-07-26,P11,S4,26,930.0
2025-07-06,2025-07-30,P17,S5,5,18280.0
2025-07-25,2025-07-31,P10,S3,597,140.0
2025-07-24,2025-08-01,P08,S3,658,210.0
2025-07-05,2025-08-01,P16,S5,5,20920.0
2025-07-29,2025-08-05,P10,S3,597,160.0
2025-06-18,2025-08-06,P15,S5,11,16360.0
2025-06-22,2025-08-13,P17,S5,5,17370.0
2025-08-05,2025-08-19,P19,S1,12,1150.0
2025-08-06,2025-08-19,P19,S1,12,1060.0
2025-08-18,2025-08-25,P10,S3,597,150.0
2025-07-10,2025-08-25,P04,S1,6,24530.0
2025-08-20,2025-09-04,P07,S2,71,3020.0
2025-08-22,2025-09-05,P03,S1,28,6090.0
2025-08-27,2025-09-06,P06,S2,191,480.0
2025-08-17,2025-09-09,P12,S4,14,2870.0
2025-08-21,2025-09-10,P13,S4,8,4160.0
2025-09-06,2025-09-13,P10,S3,597,150.0
2025-06-26,2025-09-14,P24,S1,2,297800.0
2025-08-30,2025-09-14,P07,S2,71,3250.0
2025-08-23,2025-09-15,P14,S4,16,1320.0
2025-08-22,2025-09-16,P12,S4,14,2720.0
2025-08-20,2025-09-16,P04,S1,6,25380.0
2025-08-19,2025-09-17,P13,S4,8,4400.0
2025-08-23,2025-09-22,P16,S5,5,20570.0
2025-08-18,2025-09-23,P04,S1,6,24560.0
2025-08-11,2025-09-27,P15,S5,11,15900.0
2025-09-16,2025-09-29,P19,S1,12,1110.0
2025-09-26,2025-10-03,P10,S3,597,150.0
2025-09-02,2025-10-04,P13,S4,8,4190.0
2025-08-17,2025-10-04,P20,S1,2,36290.0
2025-08-17,2025-10-09,P17,S5,5,18040.0
2025-09-07,2025-10-12,P17,S5,5,17820.0
2025-08-28,2025-10-13,P20,S1,2,37130.0
2025-09-04,2025-10-20,P12,S4,14,2770.0
2025-10-10,2025-10-21,P06,S2,191,480.0
2025-10-15,2025-10-22,P08,S3,658,210.0
2025-10-13,2025-10-27,P03,S1,28,6380.0
2025-10-12,2025-10-27,P07,S2,71,3110.0
2025-10-11,2025-11-05,P02,S1,21,20780.0
2025-10-20,2025-11-11,P02,S1,21,20020.0
2025-10-24,2025-11-14,P11,S4,26,940.0
2025-10-06,2025-11-14,P15,S5,11,15900.0
2025-09-25,2025-11-14,P15,S5,11,15990.0
2025-11-12,2025-11-19,P09,S3,708,190.0
2025-10-08,2025-11-21,P16,S5,5,21300.0
2025-09-06,2025-11-23,P24,S1,2,288840.0
2025-11-08,2025-11-26,P01,S1,34,15040.0
2025-11-01,2025-11-28,P04,S1,6,24570.0
2025-11-23,2025-11-30,P10,S3,597,150.0
2025-11-10,2025-12-02,P01,S1,34,14030.0
2025-12-01,2025-12-08,P09,S3,708,190.0
2025-11-30,2025-12-13,P03,S1,28,6310.0
2025-11-27,2025-12-15,P19,S1,12,1150.0
2025-12-08,2025-12-18,P06,S2,191,470.0
2025-12-11,2025-12-18,P09,S3,708,180.0
2025-12-03,2025-12-19,P03,S1,28,6200.0
2025-11-02,2025-12-20,P15,S5,11,15850.0
2025-12-04,2025-12-26,P14,S4,16,1280.0
2025-12-09,2025-12-26,P07,S2,71,3140.0
2025-12-06,2025-12-27,P02,S1,21,20480.0
2025-12-05,2025-12-30,P01,S1,34,14940.0
2025-12-26,2026-01-02,P08,S3,658,220.0
2025-12-26,2026-01-02,P09,S3,708,190.0
2025-12-17,2026-01-05,P07,S2,71,3220.0
2025-12-14,2026-01-05,P11,S4,26,890.0
2025-12-24,2026-01-06,P03,S1,28,6160.0
2025-12-26,2026-01-06,P06,S2,191,480.0
2025-12-11,2026-01-09,P13,S4,8,4060.0
2025-12-29,2026-01-11,P18,S4,45,360.0
2025-12-12,2026-01-14,P12,S4,14,2770.0
2025-12-26,2026-01-14,P11,S4,26,870.0
2026-01-08,2026-01-15,P10,S3,597,150.0
2025-11-02,2026-01-17,P17,S5,5,17630.0
2026-01-20,2026-01-27,P09,S3,708,200.0
2026-01-19,2026-01-29,P05,S2,214,530.0
2026-01-18,2026-02-02,P11,S4,26,860.0
2026-01-19,2026-02-02,P07,S2,71,3010.0
2026-01-21,2026-02-02,P05,S2,214,540.0
2026-01-05,2026-02-03,P12,S4,14,2800.0
2025-11-22,2026-02-07,P16,S5,5,21160.0
2026-01-01,2026-02-07,P17,S5,5,17150.0
2026-01-20,2026-02-07,P01,S1,34,14530.0
2026-02-02,2026-02-12,P05,S2,214,520.0
2025-12-22,2026-02-15,P15,S5,11,16120.0
2026-01-14,2026-02-16,P04,S1,6,23480.0
2026-01-22,2026-02-19,P16,S5,5,20560.0
2026-01-20,2026-02-20,P18,S4,45,340.0
2026-02-02,2026-02-20,P11,S4,26,930.0
2026-02-10,2026-02-21,P06,S2,191,500.0
2026-02-02,2026-02-22,P02,S1,21,19910.0
2025-12-18,2026-02-23,P17,S5,5,17270.0
2026-01-27,2026-02-26,P04,S1,6,25140.0
2026-02-21,2026-02-28,P08,S3,658,210.0
2026-02-24,2026-03-03,P09,S3,708,190.0
2026-01-10,2026-03-04,P15,S5,11,16000.0
2026-02-18,2026-03-06,P18,S4,45,350.0
2026-01-29,2026-03-09,P15,S5,11,17240.0
2026-02-22,2026-03-09,P07,S2,71,3020.0
2026-01-28,2026-03-16,P13,S4,8,4310.0
2026-03-14,2026-03-21,P08,S3,658,210.0
2026-03-06,2026-03-25,P11,S4,26,860.0
2026-03-19,2026-03-29,P05,S2,214,500.0
2026-03-16,2026-03-29,P06,S2,191,480.0
2026-03-19,2026-03-31,P19,S1,12,1150.0
2026-03-22,2026-03-31,P05,S2,214,540.0
2026-03-19,2026-04-02,P19,S1,12,1120.0
2026-02-16,2026-04-02,P20,S1,2,39650.0
2026-03-03,2026-04-03,P14,S4,16,1320.0
2026-02-11,2026-04-03,P20,S1,2,38000.0
2026-03-10,2026-04-04,P02,S1,21,19470.0
2026-02-02,2026-04-04,P17,S5,5,17880.0
2026-03-24,2026-04-06,P22,S1,5,900.0
2026-02-12,2026-04-10,P15,S5,11,17250.0
2026-04-04,2026-04-11,P09,S3,708,180.0
2026-03-10,2026-04-12,P14,S4,16,1250.0
2026-04-06,2026-04-16,P05,S2,214,530.0
2026-04-02,2026-04-18,P23,S2,10,2710.0
2026-02-25,2026-04-18,P16,S5,5,21640.0
2026-03-27,2026-04-23,P14,S4,16,1260.0
2026-04-08,2026-04-25,P22,S1,5,930.0
2026-04-07,2026-04-26,P14,S4,16,1310.0
2026-04-20,2026-05-02,P18,S4,45,350.0
2026-04-26,2026-05-03,P10,S3,597,150.0
2026-04-12,2026-05-03,P11,S4,26,900.0
2026-04-27,2026-05-04,P09,S3,708,190.0
2026-05-04,2026-05-11,P10,S3,597,160.0
2026-04-15,2026-05-17,P15,S5,11,16600.0
2026-05-15,2026-05-22,P10,S3,597,160.0
2026-03-20,2026-05-24,P24,S1,2,272940.0
2026-05-11,2026-05-25,P22,S1,5,870.0
2026-05-08,2026-05-28,P11,S4,26,920.0
2026-04-30,2026-05-29,P20,S1,2,38250.0
2026-05-07,2026-05-30,P11,S4,26,870.0
2026-05-22,2026-05-31,P05,S2,214,520.0
2026-05-20,2026-06-07,P02,S1,21,20570.0
2026-05-02,2026-06-14,P20,S1,2,39630.0
2026-06-08,2026-06-15,P09,S3,708,180.0
2026-05-22,2026-06-15,P11,S4,26,920.0
2026-05-10,2026-06-16,P14,S4,16,1270.0
2026-05-20,2026-06-18,P14,S4,16,1330.0
2026-05-13,2026-06-20,P20,S1,2,36780.0
2026-06-14,2026-06-21,P10,S3,597,140.0
2026-06-03,2026-06-22,P18,S4,45,360.0
2026-06-01,2026-06-24,P12,S4,14,2770.0
2026-06-03,2026-06-25,P11,S4,26,920.0
2026-06-11,2026-06-25,P19,S1,12,1050.0
2026-06-04,2026-06-26,P18,S4,45,340.0
2026-05-26,2026-07-01,P13,S4,8,4130.0
2026-06-13,2026-07-02,P01,S1,34,14860.0
2026-04-28,2026-07-03,P16,S5,5,21530.0
2026-05-24,2026-07-04,P20,S1,2,37720.0
2026-04-29,2026-07-06,P24,S1,2,286460.0
2026-06-25,2026-07-07,P06,S2,191,470.0
2026-05-15,2026-07-08,P17,S5,5,18780.0
2026-07-02,2026-07-09,P08,S3,658,200.0
2026-06-17,2026-07-09,P11,S4,26,880.0
2026-06-17,2026-07-12,P14,S4,16,1330.0
2026-07-02,2026-07-13,P05,S2,214,540.0
2026-07-14,2026-07-21,P09,S3,708,190.0
2026-07-02,2026-07-22,P18,S4,45,340.0
2026-06-14,2026-07-25,P17,S5,5,17540.0
2026-06-14,2026-07-25,P20,S1,2,36260.0
2026-06-26,2026-07-27,P17,S5,5,18510.0
2026-07-09,2026-07-28,P02,S1,21,19560.0
2026-07-19,2026-07-30,P06,S2,191,460.0
2026-07-20,2026-08-01,P03,S1,28,6500.0
2026-07-04,2026-08-03,P21,S1,2,7620.0
2026-07-30,2026-08-06,P09,S3,708,200.0
2026-07-11,2026-08-07,P12,S4,14,2740.0
2026-07-10,2026-08-08,P13,S4,8,4190.0
2026-07-04,2026-08-08,P15,S5,11,16000.0
2026-07-28,2026-08-12,P18,S4,45,350.0
2026-07-19,2026-08-13,P02,S1,21,20410.0
2026-08-05,2026-08-14,P05,S2,214,530.0
2026-08-08,2026-08-15,P09,S3,708,190.0
2026-06-18,2026-08-18,P20,S1,2,38800.0
2026-08-13,2026-08-19,P09,S3,708,190.0
2026-07-30,2026-08-28,P21,S1,2,7530.0
2026-07-31,2026-09-01,P21,S1,2,8110.0
2026-07-27,2026-09-02,P12,S4,14,2730.0
2026-08-27,2026-09-10,P22,S1,5,910.0
2026-08-17,2026-09-10,P01,S1,34,14880.0
2026-09-02,2026-09-15,P03,S1,28,6340.0
2026-08-21,2026-09-15,P21,S1,2,7430.0
2026-09-02,2026-09-18,P18,S4,45,360.0
2026-09-11,2026-09-22,P06,S2,191,460.0
