invoice_no,order_date,customer_id,product_id,quantity,unit_price_inr
INV-1000,2024-10-01,C24,P01,5,20590.0
INV-1001,2024-10-01,C24,P11,3,1570.0
INV-1002,2024-10-01,C24,P12,1,4370.0
INV-1003,2024-10-01,C24,P07,3,4880.0
INV-1004,2024-10-01,C15,P12,1,4630.0
INV-1005,2024-10-01,C14,P03,2,9480.0
INV-1006,2024-10-02,C15,P07,4,4830.0
INV-1007,2024-10-02,C16,P13,1,6990.0
INV-1008,2024-10-02,C24,P19,1,1910.0
INV-1009,2024-10-02,C22,P04,2,37640.0
INV-1010,2024-10-02,C02,P17,1,28500.0
INV-1011,2024-10-03,C14,P12,1,4700.0
INV-1012,2024-10-03,C25,P12,1,4320.0
INV-1013,2024-10-04,C24,P11,5,1540.0
INV-1014,2024-10-04,C24,P02,2,28160.0
INV-1015,2024-10-04,C24,P08,195,380.0
INV-1016,2024-10-05,C15,P15,1,25410.0
INV-1017,2024-10-05,C15,P02,2,30770.0
INV-1018,2024-10-05,C22,P01,5,21670.0
INV-1019,2024-10-05,C31,P18,12,650.0
INV-1020,2024-10-07,C24,P05,62,870.0
INV-1021,2024-10-07,C05,P13,1,6920.0
INV-1022,2024-10-09,C24,P03,4,9740.0
INV-1023,2024-10-09,C37,P11,1,1560.0
INV-1024,2024-10-09,C26,P06,26,830.0
INV-1025,2024-10-09,C24,P02,1,30130.0
INV-1026,2024-10-09,C28,P03,2,9700.0
INV-1027,2024-10-10,C37,P03,2,8980.0
INV-1028,2024-10-10,C25,P19,2,2070.0
INV-1029,2024-10-11,C10,P01,5,21880.0
INV-1030,2024-10-12,C15,P17,1,26310.0
INV-1031,2024-10-12,C15,P01,1,22410.0
INV-1032,2024-10-12,C15,P03,1,8940.0
INV-1033,2024-10-14,C24,P08,92,360.0
INV-1034,2024-10-14,C12,P03,3,9550.0
INV-1035,2024-10-14,C15,P14,2,2280.0
INV-1036,2024-10-14,C15,P06,5,880.0
INV-1037,2024-10-14,C24,P15,1,25110.0
INV-1038,2024-10-14,C24,P06,10,880.0
INV-1039,2024-10-15,C15,P18,9,640.0
INV-1040,2024-10-15,C39,P01,5,22000.0
INV-1041,2024-10-15,C26,P09,208,330.0
INV-1042,2024-10-15,C23,P08,11,370.0
INV-1043,2024-10-16,C19,P17,2,27070.0
INV-1044,2024-10-16,C40,P17,1,28340.0
INV-1045,2024-10-16,C38,P06,16,840.0
INV-1046,2024-10-16,C24,P19,1,2070.0
INV-1047,2024-10-16,C16,P03,1,9140.0
INV-1048,2024-10-17,C14,P07,7,5120.0
INV-1049,2024-10-17,C40,P12,2,4640.0
INV-1050,2024-10-17,C24,P12,4,4620.0
INV-1051,2024-10-17,C06,P07,5,4770.0
INV-1052,2024-10-17,C24,P14,1,2300.0
INV-1053,2024-10-18,C24,P11,2,1580.0
INV-1054,2024-10-18,C23,P16,1,32300.0
INV-1055,2024-10-18,C24,P02,2,28920.0
INV-1056,2024-10-18,C24,P02,1,27970.0
INV-1057,2024-10-18,C15,P05,21,870.0
INV-1058,2024-10-19,C15,P22,1,1400.0
INV-1059,2024-10-19,C32,P10,133,260.0
INV-1060,2024-10-19,C35,P12,1,4240.0
INV-1061,2024-10-21,C24,P06,11,870.0
INV-1062,2024-10-21,C22,P23,1,4130.0
INV-1063,2024-10-21,C24,P19,1,2000.0
INV-1064,2024-10-21,C24,P11,3,1540.0
INV-1065,2024-10-21,C24,P16,1,30890.0
INV-1066,2024-10-22,C24,P10,148,250.0
INV-1067,2024-10-23,C24,P08,77,370.0
INV-1068,2024-10-23,C32,P07,7,4700.0
INV-1069,2024-10-24,C24,P03,1,9180.0
INV-1070,2024-10-24,C15,P17,1,27840.0
INV-1071,2024-10-24,C15,P05,23,930.0
INV-1072,2024-10-24,C39,P06,7,860.0
INV-1073,2024-10-25,C22,P14,2,2300.0
INV-1074,2024-10-25,C09,P11,1,1590.0
INV-1075,2024-10-26,C33,P06,18,860.0
INV-1076,2024-10-28,C24,P06,14,820.0
INV-1077,2024-10-28,C24,P07,5,4900.0
INV-1078,2024-10-28,C24,P19,1,2030.0
INV-1079,2024-10-28,C23,P09,194,330.0
INV-1080,2024-10-29,C01,P12,1,4250.0
INV-1081,2024-10-29,C14,P07,3,5110.0
INV-1082,2024-10-30,C15,P19,1,1950.0
INV-1083,2024-10-30,C24,P13,1,7090.0
INV-1084,2024-10-30,C24,P15,1,25470.0
INV-1085,2024-10-30,C24,P18,1,590.0
INV-1086,2024-10-30,C37,P10,35,260.0
INV-1087,2024-10-30,C26,P10,14,270.0
INV-1088,2024-10-30,C24,P06,13,890.0
INV-1089,2024-10-30,C14,P03,3,9720.0
INV-1090,2024-10-31,C25,P12,1,4560.0
INV-1091,2024-10-31,C24,P03,3,9130.0
INV-1092,2024-10-31,C33,P03,2,9550.0
INV-1093,2024-10-31,C38,P03,1,9110.0
INV-1094,2024-11-01,C24,P02,1,30380.0
INV-1095,2024-11-01,C24,P10,71,270.0
INV-1096,2024-11-02,C15,P14,1,2330.0
INV-1097,2024-11-04,C24,P06,15,850.0
INV-1098,2024-11-04,C39,P12,1,4680.0
INV-1099,2024-11-04,C24,P12,1,4460.0
INV-1100,2024-11-04,C15,P13,1,7090.0
INV-1101,2024-11-05,C02,P19,1,1960.0
INV-1102,2024-11-06,C34,P18,5,630.0
INV-1103,2024-11-06,C24,P14,1,2290.0
INV-1104,2024-11-07,C15,P19,1,2020.0
INV-1105,2024-11-07,C24,P08,6,350.0
INV-1106,2024-11-07,C15,P03,3,9180.0
INV-1107,2024-11-08,C32,P07,1,5000.0
INV-1108,2024-11-08,C02,P09,40,350.0
INV-1109,2024-11-08,C15,P06,4,840.0
INV-1110,2024-11-08,C02,P02,1,29140.0
INV-1111,2024-11-08,C11,P19,1,2030.0
INV-1112,2024-11-08,C26,P04,3,37670.0
INV-1113,2024-11-08,C36,P05,50,930.0
INV-1114,2024-11-08,C15,P14,1,2360.0
INV-1115,2024-11-08,C32,P22,2,1380.0
INV-1116,2024-11-09,C24,P08,103,360.0
INV-1117,2024-11-09,C33,P06,29,810.0
INV-1118,2024-11-09,C37,P14,3,2370.0
INV-1119,2024-11-09,C15,P02,1,28160.0
INV-1120,2024-11-11,C24,P09,72,320.0
INV-1121,2024-11-11,C24,P05,5,870.0
INV-1122,2024-11-12,C14,P02,1,29990.0
INV-1123,2024-11-13,C35,P03,1,9050.0
INV-1124,2024-11-13,C15,P11,1,1640.0
INV-1125,2024-11-13,C24,P19,1,1980.0
INV-1126,2024-11-14,C38,P03,3,9560.0
INV-1127,2024-11-14,C40,P02,1,28820.0
INV-1128,2024-11-14,C15,P07,6,4700.0
INV-1129,2024-11-14,C02,P11,1,1650.0
INV-1130,2024-11-14,C15,P05,10,860.0
INV-1131,2024-11-14,C11,P11,1,1630.0
INV-1132,2024-11-14,C06,P17,1,27430.0
INV-1133,2024-11-14,C21,P10,52,270.0
INV-1134,2024-11-14,C24,P20,1,53620.0
INV-1135,2024-11-14,C24,P14,3,2290.0
INV-1136,2024-11-15,C02,P03,1,9260.0
INV-1137,2024-11-15,C24,P06,22,820.0
INV-1138,2024-11-15,C24,P07,1,4990.0
INV-1139,2024-11-16,C24,P19,3,1890.0
INV-1140,2024-11-16,C24,P01,1,21490.0
INV-1141,2024-11-16,C24,P17,2,26110.0
INV-1142,2024-11-16,C23,P06,14,830.0
INV-1143,2024-11-18,C24,P18,6,640.0
INV-1144,2024-11-18,C24,P11,2,1580.0
INV-1145,2024-11-19,C24,P16,1,29870.0
INV-1146,2024-11-19,C18,P12,1,4320.0
INV-1147,2024-11-19,C38,P12,1,4340.0
INV-1148,2024-11-19,C24,P10,9,260.0
INV-1149,2024-11-19,C24,P10,37,270.0
INV-1150,2024-11-20,C15,P01,2,20340.0
INV-1151,2024-11-20,C25,P11,2,1580.0
INV-1152,2024-11-20,C31,P20,1,57870.0
INV-1153,2024-11-20,C39,P01,4,22010.0
INV-1154,2024-11-20,C24,P10,120,260.0
INV-1155,2024-11-20,C24,P18,9,620.0
INV-1156,2024-11-21,C15,P02,1,30540.0
INV-1157,2024-11-22,C24,P21,2,11610.0
INV-1158,2024-11-23,C33,P11,2,1550.0
INV-1159,2024-11-23,C39,P01,4,20900.0
INV-1160,2024-11-23,C24,P19,2,2040.0
INV-1161,2024-11-23,C33,P11,1,1620.0
INV-1162,2024-11-25,C24,P03,4,9400.0
INV-1163,2024-11-25,C05,P05,9,870.0
INV-1164,2024-11-25,C24,P01,3,21960.0
INV-1165,2024-11-25,C24,P17,1,28770.0
INV-1166,2024-11-26,C15,P15,1,25320.0
INV-1167,2024-11-26,C33,P09,212,340.0
INV-1168,2024-11-26,C14,P05,14,920.0
INV-1169,2024-11-27,C27,P08,204,360.0
INV-1170,2024-11-27,C23,P04,1,35250.0
INV-1171,2024-11-27,C24,P02,2,30560.0
INV-1172,2024-11-27,C33,P11,1,1550.0
INV-1173,2024-11-27,C15,P19,1,1950.0
INV-1174,2024-11-27,C24,P12,1,4350.0
INV-1175,2024-11-28,C37,P11,1,1520.0
INV-1176,2024-11-28,C24,P15,1,24910.0
INV-1177,2024-11-28,C24,P02,4,29130.0
INV-1178,2024-11-29,C15,P19,4,2030.0
INV-1179,2024-11-29,C03,P05,15,950.0
INV-1180,2024-11-29,C02,P15,1,24170.0
INV-1181,2024-11-29,C21,P12,1,4590.0
INV-1182,2024-11-30,C32,P13,1,6920.0
INV-1183,2024-11-30,C15,P07,6,5160.0
INV-1184,2024-12-02,C14,P07,5,4740.0
INV-1185,2024-12-02,C35,P16,1,31270.0
INV-1186,2024-12-03,C24,P01,4,20500.0
INV-1187,2024-12-03,C24,P04,1,38460.0
INV-1188,2024-12-04,C24,P23,1,4210.0
INV-1189,2024-12-04,C07,P12,2,4540.0
INV-1190,2024-12-04,C23,P19,5,1970.0
INV-1191,2024-12-04,C15,P16,1,31800.0
INV-1192,2024-12-05,C24,P01,2,21640.0
INV-1193,2024-12-05,C24,P19,1,2010.0
INV-1194,2024-12-05,C24,P02,3,30300.0
INV-1195,2024-12-06,C14,P11,3,1620.0
INV-1196,2024-12-06,C37,P12,3,4420.0
INV-1197,2024-12-06,C24,P05,38,920.0
INV-1198,2024-12-06,C32,P23,2,4230.0
INV-1199,2024-12-06,C24,P01,1,21380.0
INV-1200,2024-12-07,C37,P09,87,340.0
INV-1201,2024-12-07,C24,P16,2,30850.0
INV-1202,2024-12-07,C15,P07,3,5000.0
INV-1203,2024-12-07,C15,P20,1,57500.0
INV-1204,2024-12-09,C24,P10,177,250.0
INV-1205,2024-12-09,C40,P22,1,1360.0
INV-1206,2024-12-09,C24,P14,2,2210.0
INV-1207,2024-12-09,C15,P18,5,630.0
INV-1208,2024-12-10,C15,P14,2,2350.0
INV-1209,2024-12-10,C24,P05,13,860.0
INV-1210,2024-12-10,C15,P23,1,4230.0
INV-1211,2024-12-10,C24,P11,2,1510.0
INV-1212,2024-12-10,C24,P18,2,600.0
INV-1213,2024-12-11,C15,P05,45,940.0
INV-1214,2024-12-11,C24,P15,2,24300.0
INV-1215,2024-12-11,C24,P03,8,9560.0
INV-1216,2024-12-11,C24,P02,2,28110.0
INV-1217,2024-12-11,C33,P17,2,28310.0
INV-1218,2024-12-12,C24,P12,2,4250.0
INV-1219,2024-12-12,C24,P17,1,28690.0
INV-1220,2024-12-12,C24,P18,11,600.0
INV-1221,2024-12-12,C37,P08,92,370.0
INV-1222,2024-12-12,C15,P05,21,890.0
INV-1223,2024-12-13,C15,P23,1,3950.0
INV-1224,2024-12-13,C34,P02,1,28350.0
INV-1225,2024-12-13,C24,P06,57,830.0
INV-1226,2024-12-14,C39,P01,8,22500.0
INV-1227,2024-12-14,C15,P13,1,6520.0
INV-1228,2024-12-14,C15,P14,1,2390.0
INV-1229,2024-12-16,C24,P16,1,32280.0
INV-1230,2024-12-16,C26,P23,3,4260.0
INV-1231,2024-12-16,C33,P10,95,260.0
INV-1232,2024-12-16,C24,P05,27,890.0
INV-1233,2024-12-17,C37,P07,11,4980.0
INV-1234,2024-12-17,C24,P17,1,27490.0
INV-1235,2024-12-17,C39,P13,1,6550.0
INV-1236,2024-12-17,C24,P15,2,25890.0
INV-1237,2024-12-17,C06,P13,1,7180.0
INV-1238,2024-12-18,C24,P18,2,640.0
INV-1239,2024-12-18,C24,P20,1,54710.0
INV-1240,2024-12-18,C24,P08,10,370.0
INV-1241,2024-12-19,C24,P01,4,22500.0
INV-1242,2024-12-19,C15,P23,1,3930.0
INV-1243,2024-12-19,C24,P08,205,370.0
INV-1244,2024-12-20,C24,P15,1,25630.0
INV-1245,2024-12-20,C24,P11,5,1560.0
INV-1246,2024-12-20,C15,P01,2,22030.0
INV-1247,2024-12-20,C38,P17,1,26550.0
INV-1248,2024-12-20,C24,P19,1,2010.0
INV-1249,2024-12-21,C25,P10,111,270.0
INV-1250,2024-12-21,C24,P09,146,350.0
INV-1251,2024-12-21,C39,P14,3,2220.0
INV-1252,2024-12-21,C40,P07,7,4700.0
INV-1253,2024-12-21,C39,P01,4,20970.0
INV-1254,2024-12-23,C37,P13,4,6890.0
INV-1255,2024-12-23,C33,P11,1,1490.0
INV-1256,2024-12-23,C37,P14,1,2310.0
INV-1257,2024-12-23,C10,P22,2,1410.0
INV-1258,2024-12-23,C24,P18,3,590.0
INV-1259,2024-12-23,C05,P01,1,21760.0
INV-1260,2024-12-24,C15,P02,2,28360.0
INV-1261,2024-12-24,C15,P03,3,9020.0
INV-1262,2024-12-25,C24,P07,6,4940.0
INV-1263,2024-12-26,C24,P15,1,25230.0
INV-1264,2024-12-26,C24,P02,1,30440.0
INV-1265,2024-12-26,C24,P05,3,900.0
INV-1266,2024-12-26,C15,P22,1,1380.0
INV-1267,2024-12-26,C27,P20,1,53560.0
INV-1268,2024-12-26,C24,P04,1,36160.0
INV-1269,2024-12-27,C15,P17,1,28260.0
INV-1270,2024-12-27,C24,P09,190,340.0
INV-1271,2024-12-27,C22,P23,1,4140.0
INV-1272,2024-12-27,C24,P24,1,396530.0
INV-1273,2024-12-28,C15,P06,84,870.0
INV-1274,2024-12-28,C24,P14,1,2180.0
INV-1275,2024-12-30,C03,P09,3,340.0
INV-1276,2024-12-30,C15,P07,1,5120.0
INV-1277,2024-12-30,C23,P02,1,30220.0
INV-1278,2024-12-30,C24,P05,9,910.0
INV-1279,2024-12-30,C06,P14,1,2210.0
INV-1280,2024-12-30,C15,P19,3,1900.0
INV-1281,2024-12-31,C15,P19,4,2060.0
INV-1282,2024-12-31,C15,P08,89,360.0
INV-1283,2024-12-31,C15,P11,1,1620.0
INV-1284,2024-12-31,C39,P14,3,2330.0
INV-1285,2024-12-31,C24,P08,18,380.0
INV-1286,2025-01-01,C24,P11,3,1490.0
INV-1287,2025-01-01,C24,P06,17,870.0
INV-1288,2025-01-01,C15,P09,58,320.0
INV-1289,2025-01-01,C24,P19,1,1920.0
INV-1290,2025-01-01,C24,P21,1,11510.0
INV-1291,2025-01-02,C24,P12,2,4670.0
INV-1292,2025-01-02,C24,P08,18,370.0
INV-1293,2025-01-02,C24,P20,1,53450.0
INV-1294,2025-01-02,C15,P14,4,2170.0
INV-1295,2025-01-02,C15,P15,1,25180.0
INV-1296,2025-01-02,C15,P16,1,31890.0
INV-1297,2025-01-02,C11,P18,19,650.0
INV-1298,2025-01-02,C24,P02,1,30630.0
INV-1299,2025-01-03,C33,P23,1,4030.0
INV-1300,2025-01-03,C15,P08,7,370.0
INV-1301,2025-01-03,C24,P08,17,350.0
INV-1302,2025-01-03,C24,P07,2,5010.0
INV-1303,2025-01-03,C30,P04,2,36750.0
INV-1304,2025-01-03,C15,P12,1,4470.0
INV-1305,2025-01-03,C24,P20,1,56580.0
INV-1306,2025-01-03,C24,P23,2,4270.0
INV-1307,2025-01-03,C25,P01,5,21110.0
INV-1308,2025-01-03,C15,P02,1,30460.0
INV-1309,2025-01-04,C32,P12,1,4410.0
INV-1310,2025-01-04,C37,P08,121,360.0
INV-1311,2025-01-04,C24,P10,63,250.0
INV-1312,2025-01-04,C24,P02,2,28520.0
INV-1313,2025-01-06,C37,P02,2,28930.0
INV-1314,2025-01-06,C21,P01,1,20520.0
INV-1315,2025-01-06,C24,P06,24,850.0
INV-1316,2025-01-07,C24,P23,1,4230.0
INV-1317,2025-01-07,C24,P08,12,370.0
INV-1318,2025-01-07,C33,P10,25,270.0
INV-1319,2025-01-07,C24,P10,94,270.0
INV-1320,2025-01-07,C15,P19,2,2020.0
INV-1321,2025-01-07,C24,P19,1,2050.0
INV-1322,2025-01-07,C24,P12,1,4390.0
INV-1323,2025-01-07,C15,P09,136,340.0
INV-1324,2025-01-08,C24,P02,1,30210.0
INV-1325,2025-01-08,C24,P06,26,880.0
INV-1326,2025-01-08,C24,P13,1,6990.0
INV-1327,2025-01-09,C15,P12,1,4370.0
INV-1328,2025-01-09,C22,P01,1,21980.0
INV-1329,2025-01-09,C30,P01,1,20310.0
INV-1330,2025-01-09,C24,P19,2,2080.0
INV-1331,2025-01-09,C32,P07,4,4760.0
INV-1332,2025-01-09,C15,P16,1,30770.0
INV-1333,2025-01-09,C24,P16,1,32390.0
INV-1334,2025-01-09,C34,P15,1,24980.0
INV-1335,2025-01-10,C24,P22,2,1420.0
INV-1336,2025-01-10,C15,P23,1,4120.0
INV-1337,2025-01-11,C24,P14,2,2290.0
INV-1338,2025-01-11,C24,P08,9,380.0
INV-1339,2025-01-11,C24,P13,2,6570.0
INV-1340,2025-01-11,C24,P09,68,320.0
INV-1341,2025-01-13,C02,P14,1,2210.0
INV-1342,2025-01-14,C15,P07,9,5150.0
INV-1343,2025-01-14,C24,P11,4,1610.0
INV-1344,2025-01-14,C15,P10,33,260.0
INV-1345,2025-01-14,C24,P10,61,260.0
INV-1346,2025-01-14,C15,P04,1,36350.0
INV-1347,2025-01-14,C24,P15,1,24950.0
INV-1348,2025-01-15,C24,P02,2,29690.0
INV-1349,2025-01-15,C24,P15,1,24980.0
INV-1350,2025-01-16,C37,P11,4,1650.0
INV-1351,2025-01-17,C24,P07,7,4800.0
INV-1352,2025-01-18,C24,P12,1,4320.0
INV-1353,2025-01-18,C24,P03,6,8950.0
INV-1354,2025-01-18,C24,P07,6,4850.0
INV-1355,2025-01-20,C15,P13,1,6850.0
INV-1356,2025-01-20,C03,P18,6,630.0
INV-1357,2025-01-21,C32,P12,2,4500.0
INV-1358,2025-01-21,C07,P09,193,340.0
INV-1359,2025-01-21,C24,P01,1,21370.0
INV-1360,2025-01-21,C24,P11,1,1510.0
INV-1361,2025-01-22,C25,P15,2,26410.0
INV-1362,2025-01-22,C26,P15,1,25450.0
INV-1363,2025-01-22,C15,P03,4,9500.0
INV-1364,2025-01-22,C07,P07,2,5100.0
INV-1365,2025-01-23,C24,P09,12,330.0
INV-1366,2025-01-23,C36,P08,89,390.0
INV-1367,2025-01-23,C15,P21,1,11620.0
INV-1368,2025-01-23,C15,P03,1,9060.0
INV-1369,2025-01-23,C24,P05,87,910.0
INV-1370,2025-01-24,C31,P10,45,260.0
INV-1371,2025-01-24,C24,P23,1,3900.0
INV-1372,2025-01-24,C24,P22,1,1410.0
INV-1373,2025-01-24,C05,P22,1,1350.0
INV-1374,2025-01-24,C09,P17,2,26430.0
INV-1375,2025-01-24,C18,P15,1,24950.0
INV-1376,2025-01-24,C24,P01,1,21560.0
INV-1377,2025-01-24,C21,P10,36,260.0
INV-1378,2025-01-25,C15,P02,3,27980.0
INV-1379,2025-01-25,C39,P01,1,21040.0
INV-1380,2025-01-27,C03,P01,2,21140.0
INV-1381,2025-01-27,C24,P10,58,260.0
INV-1382,2025-01-27,C37,P08,135,390.0
INV-1383,2025-01-27,C02,P07,7,4840.0
INV-1384,2025-01-28,C14,P11,3,1610.0
INV-1385,2025-01-28,C24,P01,5,20830.0
INV-1386,2025-01-29,C15,P06,2,830.0
INV-1387,2025-01-29,C06,P07,4,4710.0
INV-1388,2025-01-29,C10,P02,3,28270.0
INV-1389,2025-01-29,C24,P16,1,30220.0
INV-1390,2025-01-29,C24,P14,1,2240.0
INV-1391,2025-01-29,C15,P18,2,640.0
INV-1392,2025-01-29,C39,P01,4,20460.0
INV-1393,2025-01-29,C24,P07,2,5060.0
INV-1394,2025-01-29,C15,P01,3,22040.0
INV-1395,2025-01-30,C25,P14,1,2360.0
INV-1396,2025-01-30,C15,P01,3,21910.0
INV-1397,2025-01-30,C24,P02,1,28970.0
INV-1398,2025-01-30,C32,P03,5,8900.0
INV-1399,2025-01-30,C17,P14,1,2170.0
INV-1400,2025-01-30,C07,P05,10,900.0
INV-1401,2025-01-30,C01,P05,6,900.0
INV-1402,2025-01-31,C37,P06,19,830.0
INV-1403,2025-01-31,C30,P06,41,840.0
INV-1404,2025-01-31,C24,P19,2,2040.0
INV-1405,2025-01-31,C24,P15,1,24300.0
INV-1406,2025-01-31,C32,P08,18,370.0
INV-1407,2025-01-31,C21,P03,2,9360.0
INV-1408,2025-01-31,C24,P05,47,870.0
INV-1409,2025-02-01,C24,P11,3,1610.0
INV-1410,2025-02-01,C24,P07,1,4930.0
INV-1411,2025-02-03,C15,P14,1,2180.0
INV-1412,2025-02-03,C15,P04,1,35380.0
INV-1413,2025-02-04,C26,P08,104,360.0
INV-1414,2025-02-04,C24,P03,7,9560.0
INV-1415,2025-02-04,C24,P07,2,4990.0
INV-1416,2025-02-04,C24,P09,93,320.0
INV-1417,2025-02-04,C24,P22,1,1480.0
INV-1418,2025-02-05,C24,P10,216,280.0
INV-1419,2025-02-05,C15,P23,1,4170.0
INV-1420,2025-02-05,C01,P18,6,620.0
INV-1421,2025-02-06,C24,P22,2,1430.0
INV-1422,2025-02-06,C24,P07,3,4980.0
INV-1423,2025-02-08,C24,P15,2,26140.0
INV-1424,2025-02-08,C15,P09,63,340.0
INV-1425,2025-02-08,C24,P18,3,600.0
INV-1426,2025-02-10,C37,P12,1,4420.0
INV-1427,2025-02-10,C33,P03,1,9410.0
INV-1428,2025-02-10,C24,P07,1,4800.0
INV-1429,2025-02-11,C22,P19,1,2010.0
INV-1430,2025-02-11,C36,P09,73,340.0
INV-1431,2025-02-11,C06,P23,2,4130.0
INV-1432,2025-02-11,C26,P15,2,25610.0
INV-1433,2025-02-12,C33,P17,1,28960.0
INV-1434,2025-02-12,C24,P16,1,31180.0
INV-1435,2025-02-12,C24,P17,2,28630.0
INV-1436,2025-02-13,C25,P12,4,4650.0
INV-1437,2025-02-13,C22,P03,3,9070.0
INV-1438,2025-02-14,C25,P20,1,54290.0
INV-1439,2025-02-14,C24,P16,1,31350.0
INV-1440,2025-02-14,C14,P11,6,1590.0
INV-1441,2025-02-15,C15,P23,1,3910.0
INV-1442,2025-02-15,C21,P10,47,270.0
INV-1443,2025-02-17,C24,P18,6,640.0
INV-1444,2025-02-17,C05,P02,6,29380.0
INV-1445,2025-02-17,C24,P23,1,4230.0
INV-1446,2025-02-18,C24,P07,13,5090.0
INV-1447,2025-02-18,C15,P19,5,2000.0
INV-1448,2025-02-18,C23,P22,1,1360.0
INV-1449,2025-02-18,C24,P12,3,4310.0
INV-1450,2025-02-18,C24,P09,108,320.0
INV-1451,2025-02-19,C24,P14,3,2210.0
INV-1452,2025-02-19,C25,P09,105,330.0
INV-1453,2025-02-20,C10,P01,5,20300.0
INV-1454,2025-02-20,C21,P01,10,21880.0
INV-1455,2025-02-20,C34,P05,51,930.0
INV-1456,2025-02-20,C24,P16,1,32340.0
INV-1457,2025-02-21,C24,P18,19,650.0
INV-1458,2025-02-21,C24,P06,38,870.0
INV-1459,2025-02-21,C24,P16,1,30640.0
INV-1460,2025-02-21,C17,P07,4,4950.0
INV-1461,2025-02-21,C24,P15,1,26010.0
INV-1462,2025-02-22,C24,P20,1,52390.0
INV-1463,2025-02-22,C22,P05,2,890.0
INV-1464,2025-02-22,C13,P06,10,890.0
INV-1465,2025-02-22,C24,P06,1,870.0
INV-1466,2025-02-22,C21,P10,155,270.0
INV-1467,2025-02-22,C29,P08,70,360.0
INV-1468,2025-02-22,C24,P13,4,7120.0
INV-1469,2025-02-24,C37,P12,1,4270.0
INV-1470,2025-02-24,C24,P09,73,350.0
INV-1471,2025-02-24,C32,P18,2,600.0
INV-1472,2025-02-24,C24,P02,1,28720.0
INV-1473,2025-02-25,C25,P03,4,9790.0
INV-1474,2025-02-25,C24,P23,1,4200.0
INV-1475,2025-02-25,C15,P07,12,4780.0
INV-1476,2025-02-25,C24,P07,5,4950.0
INV-1477,2025-02-25,C24,P02,3,29450.0
INV-1478,2025-02-26,C24,P06,25,840.0
INV-1479,2025-02-26,C33,P14,5,2390.0
INV-1480,2025-02-26,C24,P05,84,910.0
INV-1481,2025-02-26,C24,P15,1,25350.0
INV-1482,2025-02-26,C24,P14,6,2260.0
INV-1483,2025-02-27,C24,P11,8,1570.0
INV-1484,2025-02-27,C39,P23,1,4230.0
INV-1485,2025-02-27,C31,P15,2,24900.0
INV-1486,2025-02-27,C37,P08,27,370.0
INV-1487,2025-02-27,C27,P08,40,370.0
INV-1488,2025-02-27,C24,P08,95,380.0
INV-1489,2025-02-28,C06,P06,58,890.0
INV-1490,2025-02-28,C33,P08,118,370.0
INV-1491,2025-02-28,C15,P03,4,8970.0
INV-1492,2025-03-01,C37,P16,1,30730.0
INV-1493,2025-03-01,C15,P18,10,590.0
INV-1494,2025-03-03,C25,P19,6,2010.0
INV-1495,2025-03-03,C24,P03,3,9740.0
INV-1496,2025-03-03,C02,P13,1,7170.0
INV-1497,2025-03-04,C16,P13,1,6640.0
INV-1498,2025-03-04,C15,P07,11,5150.0
INV-1499,2025-03-04,C24,P13,1,6770.0
INV-1500,2025-03-04,C06,P15,2,25910.0
INV-1501,2025-03-04,C20,P08,59,370.0
INV-1502,2025-03-05,C15,P07,1,4830.0
INV-1503,2025-03-05,C39,P17,2,28050.0
INV-1504,2025-03-05,C15,P18,20,600.0
INV-1505,2025-03-05,C24,P06,22,820.0
INV-1506,2025-03-05,C37,P05,17,870.0
INV-1507,2025-03-05,C39,P05,187,870.0
INV-1508,2025-03-05,C11,P04,1,36770.0
INV-1509,2025-03-06,C02,P01,2,21510.0
INV-1510,2025-03-06,C24,P23,2,4140.0
INV-1511,2025-03-06,C14,P21,1,11900.0
INV-1512,2025-03-06,C24,P19,3,2080.0
INV-1513,2025-03-06,C24,P07,6,4990.0
INV-1514,2025-03-06,C24,P23,2,4020.0
INV-1515,2025-03-06,C18,P08,75,350.0
INV-1516,2025-03-06,C15,P04,1,34740.0
INV-1517,2025-03-06,C24,P15,3,25740.0
INV-1518,2025-03-07,C15,P08,256,390.0
INV-1519,2025-03-07,C24,P03,3,9230.0
INV-1520,2025-03-07,C17,P15,1,24280.0
INV-1521,2025-03-07,C38,P14,3,2340.0
INV-1522,2025-03-08,C02,P23,2,4130.0
INV-1523,2025-03-08,C14,P19,1,1910.0
INV-1524,2025-03-08,C01,P19,1,1950.0
INV-1525,2025-03-08,C37,P01,7,20900.0
INV-1526,2025-03-10,C26,P22,1,1480.0
INV-1527,2025-03-10,C14,P22,1,1400.0
INV-1528,2025-03-11,C24,P22,1,1390.0
INV-1529,2025-03-11,C15,P22,1,1490.0
INV-1530,2025-03-11,C24,P15,1,24790.0
INV-1531,2025-03-12,C24,P20,1,53010.0
INV-1532,2025-03-12,C24,P12,1,4660.0
INV-1533,2025-03-12,C24,P11,12,1490.0
INV-1534,2025-03-12,C15,P02,5,28550.0
INV-1535,2025-03-12,C24,P05,4,950.0
INV-1536,2025-03-13,C24,P10,195,270.0
INV-1537,2025-03-13,C15,P10,45,260.0
INV-1538,2025-03-14,C40,P23,1,4180.0
INV-1539,2025-03-14,C38,P01,4,22460.0
INV-1540,2025-03-14,C15,P21,1,12440.0
INV-1541,2025-03-14,C24,P15,1,26350.0
INV-1542,2025-03-14,C33,P13,2,7130.0
INV-1543,2025-03-15,C24,P23,1,3880.0
INV-1544,2025-03-15,C24,P12,11,4600.0
INV-1545,2025-03-17,C05,P02,3,30340.0
INV-1546,2025-03-17,C15,P02,2,29300.0
INV-1547,2025-03-18,C02,P03,4,9060.0
INV-1548,2025-03-18,C04,P15,1,25760.0
INV-1549,2025-03-18,C37,P19,4,2050.0
INV-1550,2025-03-18,C24,P23,1,4290.0
INV-1551,2025-03-19,C25,P02,5,29070.0
INV-1552,2025-03-19,C24,P09,55,320.0
INV-1553,2025-03-19,C25,P13,3,7030.0
INV-1554,2025-03-19,C40,P15,1,24020.0
INV-1555,2025-03-20,C37,P03,10,8860.0
INV-1556,2025-03-20,C24,P09,255,320.0
INV-1557,2025-03-20,C24,P08,128,380.0
INV-1558,2025-03-20,C25,P10,174,250.0
INV-1559,2025-03-21,C03,P06,93,870.0
INV-1560,2025-03-22,C24,P18,15,650.0
INV-1561,2025-03-22,C24,P07,17,4930.0
INV-1562,2025-03-22,C15,P04,1,38430.0
INV-1563,2025-03-24,C37,P10,156,250.0
INV-1564,2025-03-24,C21,P09,131,350.0
INV-1565,2025-03-24,C14,P03,4,9230.0
INV-1566,2025-03-24,C24,P02,6,29890.0
INV-1567,2025-03-25,C33,P14,1,2380.0
INV-1568,2025-03-25,C07,P22,1,1450.0
INV-1569,2025-03-25,C15,P15,2,24360.0
INV-1570,2025-03-25,C24,P23,1,4140.0
INV-1571,2025-03-25,C15,P07,3,4690.0
INV-1572,2025-03-26,C15,P22,1,1380.0
INV-1573,2025-03-26,C24,P09,170,320.0
INV-1574,2025-03-26,C26,P07,15,5180.0
INV-1575,2025-03-26,C25,P09,22,340.0
INV-1576,2025-03-27,C24,P18,2,630.0
INV-1577,2025-03-27,C24,P06,62,820.0
INV-1578,2025-03-27,C15,P07,6,4690.0
INV-1579,2025-03-28,C24,P08,72,360.0
INV-1580,2025-03-28,C05,P01,14,22210.0
INV-1581,2025-03-28,C08,P14,8,2250.0
INV-1582,2025-03-28,C37,P11,7,1610.0
INV-1583,2025-03-29,C24,P16,1,31680.0
INV-1584,2025-03-29,C22,P09,42,330.0
INV-1585,2025-04-01,C24,P16,1,31310.0
INV-1586,2025-04-01,C24,P09,74,340.0
INV-1587,2025-04-01,C18,P08,92,390.0
INV-1588,2025-04-02,C26,P14,1,2290.0
INV-1589,2025-04-02,C30,P03,3,9330.0
INV-1590,2025-04-02,C15,P10,137,280.0
INV-1591,2025-04-02,C15,P23,1,3880.0
INV-1592,2025-04-03,C15,P08,49,380.0
INV-1593,2025-04-03,C15,P19,1,2070.0
INV-1594,2025-04-03,C24,P15,1,25470.0
INV-1595,2025-04-04,C24,P05,6,930.0
INV-1596,2025-04-04,C24,P23,1,3990.0
INV-1597,2025-04-04,C25,P02,1,29120.0
INV-1598,2025-04-05,C15,P09,200,330.0
INV-1599,2025-04-05,C03,P17,1,27840.0
INV-1600,2025-04-07,C24,P14,3,2290.0
INV-1601,2025-04-07,C27,P14,1,2200.0
INV-1602,2025-04-07,C37,P15,1,26210.0
INV-1603,2025-04-07,C24,P15,1,24410.0
INV-1604,2025-04-07,C15,P21,1,11660.0
INV-1605,2025-04-07,C24,P01,1,22160.0
INV-1606,2025-04-07,C24,P19,1,2060.0
INV-1607,2025-04-08,C24,P19,1,2020.0
INV-1608,2025-04-08,C24,P18,6,630.0
INV-1609,2025-04-08,C37,P08,122,380.0
INV-1610,2025-04-08,C25,P06,23,810.0
INV-1611,2025-04-08,C15,P19,2,2070.0
INV-1612,2025-04-09,C05,P18,4,590.0
INV-1613,2025-04-09,C24,P06,22,890.0
INV-1614,2025-04-09,C24,P04,1,37190.0
INV-1615,2025-04-09,C24,P18,1,590.0
INV-1616,2025-04-09,C24,P14,1,2220.0
INV-1617,2025-04-10,C24,P05,3,910.0
INV-1618,2025-04-10,C15,P05,1,860.0
INV-1619,2025-04-10,C24,P23,1,4270.0
INV-1620,2025-04-10,C34,P02,2,28010.0
INV-1621,2025-04-10,C06,P19,1,2060.0
INV-1622,2025-04-11,C15,P15,1,24960.0
INV-1623,2025-04-11,C24,P02,3,27930.0
INV-1624,2025-04-11,C27,P02,2,28390.0
INV-1625,2025-04-12,C24,P07,7,5050.0
INV-1626,2025-04-12,C24,P11,1,1610.0
INV-1627,2025-04-12,C27,P19,1,2060.0
INV-1628,2025-04-12,C24,P20,1,57580.0
INV-1629,2025-04-14,C24,P11,6,1500.0
INV-1630,2025-04-14,C26,P06,27,870.0
INV-1631,2025-04-14,C24,P01,3,21430.0
INV-1632,2025-04-14,C24,P07,19,4990.0
INV-1633,2025-04-15,C15,P03,1,9430.0
INV-1634,2025-04-15,C15,P19,2,2100.0
INV-1635,2025-04-16,C15,P07,6,5100.0
INV-1636,2025-04-16,C38,P02,3,28790.0
INV-1637,2025-04-17,C24,P16,1,30620.0
INV-1638,2025-04-17,C24,P02,1,29710.0
INV-1639,2025-04-17,C24,P10,18,270.0
INV-1640,2025-04-17,C24,P02,1,30000.0
INV-1641,2025-04-17,C15,P09,63,330.0
INV-1642,2025-04-18,C15,P13,1,6950.0
INV-1643,2025-04-18,C24,P07,2,5120.0
INV-1644,2025-04-18,C03,P02,1,28920.0
INV-1645,2025-04-19,C24,P11,2,1640.0
INV-1646,2025-04-19,C24,P14,3,2300.0
INV-1647,2025-04-19,C24,P23,1,4100.0
INV-1648,2025-04-19,C24,P19,1,1940.0
INV-1649,2025-04-19,C24,P09,10,330.0
INV-1650,2025-04-21,C39,P18,5,630.0
INV-1651,2025-04-21,C07,P19,7,2050.0
INV-1652,2025-04-21,C24,P02,1,29910.0
INV-1653,2025-04-22,C09,P19,2,2000.0
INV-1654,2025-04-23,C24,P23,1,3990.0
INV-1655,2025-04-23,C37,P12,3,4440.0
INV-1656,2025-04-24,C24,P06,13,850.0
INV-1657,2025-04-25,C24,P03,2,8950.0
INV-1658,2025-04-25,C24,P03,4,9070.0
INV-1659,2025-04-25,C24,P23,1,3900.0
INV-1660,2025-04-25,C24,P08,55,370.0
INV-1661,2025-04-26,C39,P05,11,880.0
INV-1662,2025-04-26,C14,P03,1,9500.0
INV-1663,2025-04-26,C37,P05,34,930.0
INV-1664,2025-04-26,C37,P01,3,20870.0
INV-1665,2025-04-26,C24,P12,2,4330.0
INV-1666,2025-04-28,C40,P09,20,320.0
INV-1667,2025-04-28,C15,P14,1,2190.0
INV-1668,2025-04-28,C24,P10,138,280.0
INV-1669,2025-04-28,C23,P11,2,1550.0
INV-1670,2025-04-29,C24,P01,4,21840.0
INV-1671,2025-04-29,C24,P03,1,9080.0
INV-1672,2025-04-29,C39,P03,3,8850.0
INV-1673,2025-04-30,C24,P06,30,850.0
INV-1674,2025-04-30,C23,P05,54,860.0
INV-1675,2025-04-30,C24,P08,21,380.0
INV-1676,2025-05-01,C24,P12,1,4330.0
INV-1677,2025-05-01,C02,P01,3,21770.0
INV-1678,2025-05-01,C24,P12,3,4700.0
INV-1679,2025-05-01,C07,P19,1,1890.0
INV-1680,2025-05-02,C32,P12,1,4420.0
INV-1681,2025-05-02,C15,P03,1,9010.0
INV-1682,2025-05-03,C06,P13,1,6800.0
INV-1683,2025-05-03,C37,P23,1,4000.0
INV-1684,2025-05-03,C24,P06,23,820.0
INV-1685,2025-05-03,C24,P07,3,5120.0
INV-1686,2025-05-03,C38,P06,8,820.0
INV-1687,2025-05-05,C02,P02,2,29200.0
INV-1688,2025-05-06,C25,P14,1,2360.0
INV-1689,2025-05-06,C24,P12,1,4480.0
INV-1690,2025-05-06,C24,P11,5,1630.0
INV-1691,2025-05-06,C37,P08,93,350.0
INV-1692,2025-05-06,C08,P18,20,590.0
INV-1693,2025-05-07,C24,P06,12,820.0
INV-1694,2025-05-08,C24,P09,8,340.0
INV-1695,2025-05-08,C15,P08,19,360.0
INV-1696,2025-05-08,C24,P13,1,6560.0
INV-1697,2025-05-08,C39,P06,22,900.0
INV-1698,2025-05-08,C24,P23,1,4060.0
INV-1699,2025-05-08,C24,P08,134,380.0
INV-1700,2025-05-09,C15,P15,3,24340.0
INV-1701,2025-05-09,C26,P01,9,21230.0
INV-1702,2025-05-09,C24,P16,2,32990.0
INV-1703,2025-05-10,C24,P10,49,250.0
INV-1704,2025-05-10,C15,P05,40,940.0
INV-1705,2025-05-12,C24,P06,14,820.0
INV-1706,2025-05-12,C24,P13,1,6530.0
INV-1707,2025-05-12,C07,P15,1,23930.0
INV-1708,2025-05-12,C25,P19,1,2070.0
INV-1709,2025-05-13,C24,P03,4,9340.0
INV-1710,2025-05-13,C24,P19,1,2090.0
INV-1711,2025-05-14,C15,P10,58,260.0
INV-1712,2025-05-14,C39,P10,48,270.0
INV-1713,2025-05-14,C24,P12,1,4500.0
INV-1714,2025-05-14,C25,P19,1,2070.0
INV-1715,2025-05-14,C03,P01,2,22040.0
INV-1716,2025-05-14,C24,P23,1,4010.0
INV-1717,2025-05-15,C24,P02,2,29050.0
INV-1718,2025-05-15,C24,P02,5,30920.0
INV-1719,2025-05-15,C24,P03,7,9620.0
INV-1720,2025-05-16,C26,P13,1,6550.0
INV-1721,2025-05-16,C24,P01,2,21130.0
INV-1722,2025-05-16,C24,P19,1,2090.0
INV-1723,2025-05-17,C26,P19,1,1940.0
INV-1724,2025-05-17,C11,P05,24,860.0
INV-1725,2025-05-17,C14,P19,1,2090.0
INV-1726,2025-05-17,C15,P11,2,1520.0
INV-1727,2025-05-19,C24,P10,25,260.0
INV-1728,2025-05-19,C24,P07,23,4760.0
INV-1729,2025-05-19,C15,P06,15,810.0
INV-1730,2025-05-19,C24,P14,2,2370.0
INV-1731,2025-05-20,C03,P14,1,2340.0
INV-1732,2025-05-20,C19,P13,1,6850.0
INV-1733,2025-05-20,C24,P11,2,1540.0
INV-1734,2025-05-20,C33,P05,3,880.0
INV-1735,2025-05-21,C24,P01,3,20780.0
INV-1736,2025-05-21,C15,P09,363,330.0
INV-1737,2025-05-21,C24,P08,28,350.0
INV-1738,2025-05-21,C15,P23,1,4200.0
INV-1739,2025-05-21,C24,P05,35,860.0
INV-1740,2025-05-21,C24,P12,1,4430.0
INV-1741,2025-05-21,C24,P04,1,36610.0
INV-1742,2025-05-22,C15,P16,1,29840.0
INV-1743,2025-05-22,C24,P07,1,4860.0
INV-1744,2025-05-23,C24,P03,1,9730.0
INV-1745,2025-05-23,C24,P12,1,4480.0
INV-1746,2025-05-23,C15,P14,1,2290.0
INV-1747,2025-05-23,C20,P22,1,1370.0
INV-1748,2025-05-23,C02,P12,1,4470.0
INV-1749,2025-05-23,C24,P12,1,4460.0
INV-1750,2025-05-24,C24,P24,1,416610.0
INV-1751,2025-05-26,C15,P10,42,270.0
INV-1752,2025-05-26,C24,P01,6,20900.0
INV-1753,2025-05-26,C24,P12,1,4350.0
INV-1754,2025-05-26,C24,P12,2,4350.0
INV-1755,2025-05-27,C15,P09,10,350.0
INV-1756,2025-05-27,C40,P02,1,29180.0
INV-1757,2025-05-27,C24,P09,41,340.0
INV-1758,2025-05-27,C24,P23,1,3960.0
INV-1759,2025-05-27,C15,P10,84,260.0
INV-1760,2025-05-27,C24,P13,1,7020.0
INV-1761,2025-05-27,C26,P19,1,1920.0
INV-1762,2025-05-27,C15,P13,1,6550.0
INV-1763,2025-05-28,C24,P04,1,37190.0
INV-1764,2025-05-28,C24,P04,1,38200.0
INV-1765,2025-05-28,C21,P16,1,32010.0
INV-1766,2025-05-28,C24,P04,1,37840.0
INV-1767,2025-05-28,C24,P01,3,21620.0
INV-1768,2025-05-29,C24,P13,1,6540.0
INV-1769,2025-05-29,C15,P22,2,1420.0
INV-1770,2025-05-29,C06,P19,1,2050.0
INV-1771,2025-05-29,C15,P10,58,250.0
INV-1772,2025-05-30,C15,P19,1,1900.0
INV-1773,2025-05-30,C24,P08,82,360.0
INV-1774,2025-05-30,C24,P19,1,2020.0
INV-1775,2025-05-30,C37,P18,5,600.0
INV-1776,2025-05-30,C24,P05,16,880.0
INV-1777,2025-05-30,C38,P15,1,26200.0
INV-1778,2025-05-30,C24,P11,1,1640.0
INV-1779,2025-06-02,C24,P14,1,2380.0
INV-1780,2025-06-02,C24,P04,1,36230.0
INV-1781,2025-06-02,C24,P18,5,640.0
INV-1782,2025-06-03,C24,P23,1,3960.0
INV-1783,2025-06-03,C15,P23,1,3970.0
INV-1784,2025-06-03,C22,P15,1,26490.0
INV-1785,2025-06-03,C18,P06,6,900.0
INV-1786,2025-06-04,C24,P05,54,920.0
INV-1787,2025-06-04,C15,P23,1,4000.0
INV-1788,2025-06-04,C24,P19,3,2100.0
INV-1789,2025-06-05,C33,P22,1,1420.0
INV-1790,2025-06-05,C24,P04,1,36640.0
INV-1791,2025-06-06,C17,P09,35,330.0
INV-1792,2025-06-06,C15,P08,114,370.0
INV-1793,2025-06-06,C22,P17,1,28080.0
INV-1794,2025-06-06,C15,P09,122,320.0
INV-1795,2025-06-06,C15,P10,27,260.0
INV-1796,2025-06-07,C15,P02,3,29710.0
INV-1797,2025-06-07,C37,P18,5,620.0
INV-1798,2025-06-07,C24,P18,2,610.0
INV-1799,2025-06-07,C24,P08,159,370.0
INV-1800,2025-06-07,C33,P02,2,30730.0
INV-1801,2025-06-07,C25,P03,1,9060.0
INV-1802,2025-06-09,C24,P09,30,320.0
INV-1803,2025-06-09,C24,P18,5,590.0
INV-1804,2025-06-09,C24,P13,1,6650.0
INV-1805,2025-06-09,C15,P17,1,27300.0
INV-1806,2025-06-09,C24,P13,1,6780.0
INV-1807,2025-06-09,C24,P12,3,4310.0
INV-1808,2025-06-10,C14,P11,4,1510.0
INV-1809,2025-06-10,C37,P10,149,260.0
INV-1810,2025-06-10,C24,P06,22,890.0
INV-1811,2025-06-10,C15,P06,3,880.0
INV-1812,2025-06-11,C24,P05,71,880.0
INV-1813,2025-06-11,C14,P03,4,9100.0
INV-1814,2025-06-11,C24,P01,1,20670.0
INV-1815,2025-06-11,C24,P02,1,29190.0
INV-1816,2025-06-11,C24,P08,55,380.0
INV-1817,2025-06-12,C33,P15,2,24700.0
INV-1818,2025-06-12,C39,P14,1,2180.0
INV-1819,2025-06-12,C22,P02,1,28840.0
INV-1820,2025-06-12,C05,P22,1,1440.0
INV-1821,2025-06-12,C39,P02,3,29930.0
INV-1822,2025-06-13,C15,P18,4,630.0
INV-1823,2025-06-13,C18,P18,2,610.0
INV-1824,2025-06-13,C24,P12,3,4320.0
INV-1825,2025-06-14,C05,P01,5,21920.0
INV-1826,2025-06-14,C24,P19,4,2070.0
INV-1827,2025-06-14,C24,P17,1,28140.0
INV-1828,2025-06-14,C05,P16,1,31230.0
INV-1829,2025-06-14,C31,P16,1,32200.0
INV-1830,2025-06-14,C07,P06,23,870.0
INV-1831,2025-06-14,C24,P04,1,37030.0
INV-1832,2025-06-14,C36,P09,160,320.0
INV-1833,2025-06-14,C03,P11,2,1530.0
INV-1834,2025-06-16,C24,P17,1,27670.0
INV-1835,2025-06-16,C25,P22,1,1390.0
INV-1836,2025-06-16,C39,P07,3,5030.0
INV-1837,2025-06-16,C23,P23,1,3880.0
INV-1838,2025-06-16,C24,P14,1,2300.0
INV-1839,2025-06-17,C24,P18,5,640.0
INV-1840,2025-06-17,C15,P10,10,260.0
INV-1841,2025-06-17,C24,P22,1,1470.0
INV-1842,2025-06-17,C24,P09,79,320.0
INV-1843,2025-06-18,C02,P01,4,20940.0
INV-1844,2025-06-18,C32,P07,6,4780.0
INV-1845,2025-06-18,C01,P18,4,590.0
INV-1846,2025-06-19,C24,P06,39,850.0
INV-1847,2025-06-20,C24,P22,1,1390.0
INV-1848,2025-06-20,C15,P07,11,4820.0
INV-1849,2025-06-21,C05,P11,5,1610.0
INV-1850,2025-06-21,C15,P13,1,7040.0
INV-1851,2025-06-21,C24,P20,1,53870.0
INV-1852,2025-06-21,C24,P19,2,1950.0
INV-1853,2025-06-21,C24,P02,1,29620.0
INV-1854,2025-06-21,C24,P10,67,270.0
INV-1855,2025-06-23,C24,P11,1,1630.0
INV-1856,2025-06-23,C24,P05,24,930.0
INV-1857,2025-06-23,C05,P13,1,6570.0
INV-1858,2025-06-24,C24,P04,1,36550.0
INV-1859,2025-06-24,C22,P01,4,20660.0
INV-1860,2025-06-24,C24,P22,1,1440.0
INV-1861,2025-06-24,C24,P21,1,11730.0
INV-1862,2025-06-24,C24,P15,1,24070.0
INV-1863,2025-06-24,C24,P20,1,55520.0
INV-1864,2025-06-25,C07,P07,4,5030.0
INV-1865,2025-06-25,C24,P23,1,4180.0
INV-1866,2025-06-25,C33,P10,58,260.0
INV-1867,2025-06-25,C23,P23,1,4250.0
INV-1868,2025-06-26,C37,P14,3,2280.0
INV-1869,2025-06-26,C37,P17,1,27340.0
INV-1870,2025-06-27,C29,P03,2,9770.0
INV-1871,2025-06-27,C24,P08,37,380.0
INV-1872,2025-06-27,C15,P08,32,390.0
INV-1873,2025-06-27,C24,P23,1,4140.0
INV-1874,2025-06-27,C14,P08,19,390.0
INV-1875,2025-06-27,C24,P12,4,4300.0
INV-1876,2025-06-28,C02,P06,27,900.0
INV-1877,2025-06-28,C24,P11,1,1630.0
INV-1878,2025-06-28,C22,P07,17,5140.0
INV-1879,2025-06-28,C24,P01,5,20280.0
INV-1880,2025-06-30,C24,P07,5,5070.0
INV-1881,2025-06-30,C03,P03,3,9310.0
INV-1882,2025-06-30,C15,P03,2,9710.0
INV-1883,2025-06-30,C38,P16,1,30740.0
INV-1884,2025-07-01,C21,P05,5,900.0
INV-1885,2025-07-01,C15,P02,3,30680.0
INV-1886,2025-07-02,C24,P17,3,26840.0
INV-1887,2025-07-02,C09,P18,1,600.0
INV-1888,2025-07-02,C24,P19,1,1990.0
INV-1889,2025-07-02,C13,P22,1,1440.0
INV-1890,2025-07-02,C37,P03,2,9320.0
INV-1891,2025-07-02,C27,P21,1,12270.0
INV-1892,2025-07-03,C32,P02,1,28040.0
INV-1893,2025-07-03,C24,P06,11,860.0
INV-1894,2025-07-03,C06,P11,3,1530.0
INV-1895,2025-07-03,C21,P13,1,6610.0
INV-1896,2025-07-04,C24,P18,1,610.0
INV-1897,2025-07-04,C15,P23,1,4010.0
INV-1898,2025-07-04,C24,P22,1,1460.0
INV-1899,2025-07-04,C37,P10,42,260.0
INV-1900,2025-07-04,C24,P09,314,340.0
INV-1901,2025-07-05,C03,P06,23,830.0
INV-1902,2025-07-05,C17,P03,11,9360.0
INV-1903,2025-07-07,C24,P11,2,1600.0
INV-1904,2025-07-07,C36,P15,1,26310.0
INV-1905,2025-07-07,C24,P01,12,20710.0
INV-1906,2025-07-08,C15,P24,1,385190.0
INV-1907,2025-07-08,C21,P01,1,21390.0
INV-1908,2025-07-08,C24,P14,3,2240.0
INV-1909,2025-07-09,C26,P22,1,1470.0
INV-1910,2025-07-09,C24,P01,4,21590.0
INV-1911,2025-07-09,C24,P11,1,1520.0
INV-1912,2025-07-09,C24,P19,1,1900.0
INV-1913,2025-07-10,C15,P10,143,250.0
INV-1914,2025-07-10,C24,P12,3,4700.0
INV-1915,2025-07-10,C39,P12,1,4410.0
INV-1916,2025-07-10,C25,P12,1,4490.0
INV-1917,2025-07-11,C06,P15,2,25770.0
INV-1918,2025-07-11,C14,P10,109,250.0
INV-1919,2025-07-11,C37,P19,1,2030.0
INV-1920,2025-07-11,C37,P16,1,31110.0
INV-1921,2025-07-11,C29,P05,17,940.0
INV-1922,2025-07-11,C15,P06,5,890.0
INV-1923,2025-07-12,C02,P08,106,370.0
INV-1924,2025-07-12,C14,P11,3,1560.0
INV-1925,2025-07-14,C24,P02,3,28900.0
INV-1926,2025-07-14,C15,P06,29,890.0
INV-1927,2025-07-14,C03,P18,8,630.0
INV-1928,2025-07-15,C37,P12,3,4460.0
INV-1929,2025-07-15,C24,P07,8,4920.0
INV-1930,2025-07-15,C07,P10,66,250.0
INV-1931,2025-07-15,C40,P05,25,910.0
INV-1932,2025-07-16,C24,P04,2,37410.0
INV-1933,2025-07-16,C15,P03,4,8980.0
INV-1934,2025-07-16,C15,P07,4,4900.0
INV-1935,2025-07-17,C40,P23,1,3880.0
INV-1936,2025-07-17,C24,P22,1,1370.0
INV-1937,2025-07-17,C01,P08,70,380.0
INV-1938,2025-07-17,C25,P01,6,20620.0
INV-1939,2025-07-18,C24,P23,1,4250.0
INV-1940,2025-07-18,C15,P11,2,1520.0
INV-1941,2025-07-19,C32,P12,1,4410.0
INV-1942,2025-07-19,C15,P22,1,1450.0
INV-1943,2025-07-21,C25,P01,3,21710.0
INV-1944,2025-07-21,C24,P18,16,640.0
INV-1945,2025-07-21,C27,P15,1,25560.0
INV-1946,2025-07-21,C24,P19,1,1970.0
INV-1947,2025-07-22,C24,P05,15,930.0
INV-1948,2025-07-23,C24,P12,1,4640.0
INV-1949,2025-07-23,C05,P08,33,360.0
INV-1950,2025-07-23,C24,P01,1,21040.0
INV-1951,2025-07-24,C24,P07,17,5110.0
INV-1952,2025-07-24,C24,P09,178,350.0
INV-1953,2025-07-24,C37,P15,3,25850.0
INV-1954,2025-07-24,C15,P02,5,31000.0
INV-1955,2025-07-25,C24,P18,8,610.0
INV-1956,2025-07-26,C24,P23,1,4190.0
INV-1957,2025-07-26,C03,P14,3,2190.0
INV-1958,2025-07-26,C24,P12,1,4520.0
INV-1959,2025-07-26,C24,P12,1,4310.0
INV-1960,2025-07-26,C01,P08,184,370.0
INV-1961,2025-07-28,C37,P14,2,2270.0
INV-1962,2025-07-28,C04,P15,1,26150.0
INV-1963,2025-07-28,C24,P05,45,930.0
INV-1964,2025-07-29,C25,P19,1,1960.0
INV-1965,2025-07-30,C37,P01,3,22140.0
INV-1966,2025-07-30,C15,P02,1,28370.0
INV-1967,2025-07-30,C39,P04,2,35510.0
INV-1968,2025-07-30,C05,P06,52,860.0
INV-1969,2025-07-30,C15,P06,12,850.0
INV-1970,2025-07-30,C21,P05,20,890.0
INV-1971,2025-07-30,C24,P19,1,2040.0
INV-1972,2025-07-30,C24,P07,1,5070.0
INV-1973,2025-07-30,C03,P10,22,260.0
INV-1974,2025-07-30,C34,P07,6,4820.0
INV-1975,2025-07-31,C15,P07,16,4710.0
INV-1976,2025-07-31,C24,P13,1,6940.0
INV-1977,2025-07-31,C39,P02,6,28600.0
INV-1978,2025-07-31,C22,P11,5,1530.0
INV-1979,2025-08-01,C06,P15,2,26060.0
INV-1980,2025-08-01,C24,P19,1,1960.0
INV-1981,2025-08-01,C24,P01,4,20630.0
INV-1982,2025-08-01,C24,P04,1,36480.0
INV-1983,2025-08-01,C24,P02,5,28800.0
INV-1984,2025-08-02,C21,P21,1,12030.0
INV-1985,2025-08-02,C23,P09,24,350.0
INV-1986,2025-08-02,C01,P20,1,53100.0
INV-1987,2025-08-04,C28,P09,27,320.0
INV-1988,2025-08-04,C24,P08,97,380.0
INV-1989,2025-08-05,C26,P01,5,21020.0
INV-1990,2025-08-05,C37,P03,1,9060.0
INV-1991,2025-08-05,C19,P01,1,22310.0
INV-1992,2025-08-05,C24,P06,8,840.0
INV-1993,2025-08-06,C15,P08,77,380.0
INV-1994,2025-08-06,C14,P01,3,21460.0
INV-1995,2025-08-06,C24,P23,1,3920.0
INV-1996,2025-08-06,C15,P05,10,920.0
INV-1997,2025-08-06,C24,P13,1,6620.0
INV-1998,2025-08-07,C33,P03,5,9140.0
INV-1999,2025-08-07,C15,P14,4,2350.0
INV-2000,2025-08-08,C24,P18,4,590.0
INV-2001,2025-08-08,C15,P12,2,4390.0
INV-2002,2025-08-09,C15,P07,13,4790.0
INV-2003,2025-08-09,C32,P12,1,4570.0
INV-2004,2025-08-09,C15,P13,1,6550.0
INV-2005,2025-08-09,C24,P14,3,2200.0
INV-2006,2025-08-09,C37,P04,1,36760.0
INV-2007,2025-08-09,C17,P17,2,26870.0
INV-2008,2025-08-09,C24,P18,19,600.0
INV-2009,2025-08-09,C37,P03,2,9180.0
INV-2010,2025-08-11,C39,P15,1,25410.0
INV-2011,2025-08-11,C37,P11,7,1560.0
INV-2012,2025-08-11,C33,P09,108,340.0
INV-2013,2025-08-11,C09,P11,3,1590.0
INV-2014,2025-08-14,C15,P07,4,5070.0
INV-2015,2025-08-14,C24,P01,3,21250.0
INV-2016,2025-08-15,C03,P13,1,6950.0
INV-2017,2025-08-15,C24,P12,3,4350.0
INV-2018,2025-08-15,C24,P23,1,4030.0
INV-2019,2025-08-16,C24,P09,20,340.0
INV-2020,2025-08-16,C25,P15,1,24160.0
INV-2021,2025-08-16,C24,P11,5,1500.0
INV-2022,2025-08-16,C34,P07,14,5020.0
INV-2023,2025-08-18,C24,P04,1,37090.0
INV-2024,2025-08-18,C15,P14,5,2200.0
INV-2025,2025-08-18,C24,P05,12,860.0
INV-2026,2025-08-19,C15,P23,1,3900.0
INV-2027,2025-08-19,C14,P01,6,22460.0
INV-2028,2025-08-19,C15,P17,1,28890.0
INV-2029,2025-08-19,C24,P13,1,7070.0
INV-2030,2025-08-19,C24,P07,3,4970.0
INV-2031,2025-08-19,C24,P13,1,6810.0
INV-2032,2025-08-20,C05,P18,8,650.0
INV-2033,2025-08-20,C24,P05,51,860.0
INV-2034,2025-08-20,C24,P06,28,870.0
INV-2035,2025-08-20,C25,P05,18,860.0
INV-2036,2025-08-21,C33,P03,1,9120.0
INV-2037,2025-08-21,C13,P09,137,320.0
INV-2038,2025-08-21,C24,P09,31,350.0
INV-2039,2025-08-22,C24,P05,44,860.0
INV-2040,2025-08-22,C24,P04,1,36290.0
INV-2041,2025-08-23,C33,P03,1,8970.0
INV-2042,2025-08-23,C24,P02,4,28790.0
INV-2043,2025-08-23,C24,P11,5,1540.0
INV-2044,2025-08-23,C37,P04,1,36840.0
INV-2045,2025-08-23,C15,P11,3,1490.0
INV-2046,2025-08-23,C15,P10,68,280.0
INV-2047,2025-08-23,C39,P02,6,29600.0
INV-2048,2025-08-25,C39,P22,1,1380.0
INV-2049,2025-08-25,C06,P12,1,4580.0
INV-2050,2025-08-25,C38,P10,83,280.0
INV-2051,2025-08-25,C07,P06,59,850.0
INV-2052,2025-08-26,C24,P22,1,1430.0
INV-2053,2025-08-26,C24,P12,1,4570.0
INV-2054,2025-08-26,C24,P19,3,2020.0
INV-2055,2025-08-26,C27,P11,1,1620.0
INV-2056,2025-08-27,C24,P19,1,2010.0
INV-2057,2025-08-27,C24,P12,3,4470.0
INV-2058,2025-08-27,C15,P07,7,4980.0
INV-2059,2025-08-27,C24,P08,262,370.0
INV-2060,2025-08-27,C24,P13,1,6850.0
INV-2061,2025-08-27,C02,P13,1,6660.0
INV-2062,2025-08-27,C35,P10,24,270.0
INV-2063,2025-08-28,C32,P23,2,4220.0
INV-2064,2025-08-28,C37,P10,193,260.0
INV-2065,2025-08-28,C24,P04,1,36300.0
INV-2066,2025-08-28,C15,P19,1,1900.0
INV-2067,2025-08-29,C24,P02,4,28820.0
INV-2068,2025-08-29,C24,P05,12,880.0
INV-2069,2025-08-30,C15,P11,3,1490.0
INV-2070,2025-08-30,C14,P09,129,320.0
INV-2071,2025-09-01,C24,P23,4,4250.0
INV-2072,2025-09-01,C02,P19,1,2100.0
INV-2073,2025-09-01,C03,P11,6,1600.0
INV-2074,2025-09-02,C15,P19,1,2050.0
INV-2075,2025-09-02,C39,P08,66,370.0
INV-2076,2025-09-02,C24,P05,4,870.0
INV-2077,2025-09-03,C15,P11,8,1490.0
INV-2078,2025-09-03,C32,P02,1,28600.0
INV-2079,2025-09-03,C24,P08,136,360.0
INV-2080,2025-09-03,C23,P06,31,890.0
INV-2081,2025-09-03,C15,P04,1,34780.0
INV-2082,2025-09-04,C01,P02,4,30320.0
INV-2083,2025-09-04,C37,P01,2,22450.0
INV-2084,2025-09-04,C24,P05,22,860.0
INV-2085,2025-09-04,C23,P17,2,28580.0
INV-2086,2025-09-04,C24,P02,3,28380.0
INV-2087,2025-09-05,C24,P11,1,1520.0
INV-2088,2025-09-05,C24,P12,1,4480.0
INV-2089,2025-09-05,C06,P11,3,1610.0
INV-2090,2025-09-06,C24,P05,28,930.0
INV-2091,2025-09-06,C24,P04,1,37060.0
INV-2092,2025-09-06,C39,P15,3,24400.0
INV-2093,2025-09-08,C02,P01,3,22490.0
INV-2094,2025-09-08,C30,P10,39,260.0
INV-2095,2025-09-08,C24,P19,1,2010.0
INV-2096,2025-09-08,C24,P17,1,26500.0
INV-2097,2025-09-08,C24,P19,1,2090.0
INV-2098,2025-09-08,C15,P06,49,850.0
INV-2099,2025-09-09,C15,P15,1,25330.0
INV-2100,2025-09-09,C24,P06,23,830.0
INV-2101,2025-09-09,C24,P07,10,4970.0
INV-2102,2025-09-09,C24,P22,1,1360.0
INV-2103,2025-09-09,C24,P07,2,4990.0
INV-2104,2025-09-10,C01,P15,1,25240.0
INV-2105,2025-09-10,C33,P13,1,6810.0
INV-2106,2025-09-10,C39,P21,1,11810.0
INV-2107,2025-09-11,C37,P10,35,280.0
INV-2108,2025-09-11,C24,P14,1,2370.0
INV-2109,2025-09-12,C15,P09,34,330.0
INV-2110,2025-09-12,C14,P17,1,28760.0
INV-2111,2025-09-13,C33,P19,1,2050.0
INV-2112,2025-09-13,C24,P10,31,270.0
INV-2113,2025-09-13,C15,P09,124,330.0
INV-2114,2025-09-13,C24,P07,17,4700.0
INV-2115,2025-09-15,C24,P16,1,30220.0
INV-2116,2025-09-15,C24,P18,3,600.0
INV-2117,2025-09-15,C33,P14,1,2250.0
INV-2118,2025-09-15,C24,P18,9,630.0
INV-2119,2025-09-15,C37,P09,27,330.0
INV-2120,2025-09-15,C24,P19,2,2050.0
INV-2121,2025-09-15,C24,P12,1,4630.0
INV-2122,2025-09-16,C32,P23,1,3890.0
INV-2123,2025-09-16,C24,P18,8,630.0
INV-2124,2025-09-16,C15,P14,2,2390.0
INV-2125,2025-09-16,C27,P18,9,600.0
INV-2126,2025-09-17,C06,P01,5,20600.0
INV-2127,2025-09-17,C16,P02,2,29460.0
INV-2128,2025-09-17,C24,P01,6,21830.0
INV-2129,2025-09-17,C30,P05,13,900.0
INV-2130,2025-09-17,C24,P14,1,2230.0
INV-2131,2025-09-17,C15,P13,1,6990.0
INV-2132,2025-09-19,C30,P01,3,22210.0
INV-2133,2025-09-19,C11,P10,53,280.0
INV-2134,2025-09-20,C24,P19,4,1970.0
INV-2135,2025-09-20,C32,P19,1,1920.0
INV-2136,2025-09-20,C21,P14,3,2270.0
INV-2137,2025-09-20,C15,P05,4,910.0
INV-2138,2025-09-20,C01,P05,16,910.0
INV-2139,2025-09-20,C24,P09,290,340.0
INV-2140,2025-09-22,C31,P08,25,360.0
INV-2141,2025-09-23,C24,P18,4,620.0
INV-2142,2025-09-23,C24,P12,3,4360.0
INV-2143,2025-09-24,C39,P07,10,5050.0
INV-2144,2025-09-24,C24,P06,6,870.0
INV-2145,2025-09-24,C24,P08,169,380.0
INV-2146,2025-09-24,C21,P03,18,8950.0
INV-2147,2025-09-25,C24,P14,1,2310.0
INV-2148,2025-09-25,C24,P08,47,360.0
INV-2149,2025-09-25,C24,P05,29,860.0
INV-2150,2025-09-26,C24,P14,1,2340.0
INV-2151,2025-09-26,C24,P05,7,880.0
INV-2152,2025-09-26,C24,P13,1,7020.0
INV-2153,2025-09-26,C24,P13,1,6770.0
INV-2154,2025-09-26,C32,P12,7,4680.0
INV-2155,2025-09-26,C37,P01,6,20640.0
INV-2156,2025-09-27,C30,P11,1,1500.0
INV-2157,2025-09-27,C39,P07,9,4900.0
INV-2158,2025-09-29,C33,P05,26,860.0
INV-2159,2025-09-29,C24,P02,3,30410.0
INV-2160,2025-09-29,C24,P06,1,820.0
INV-2161,2025-09-29,C33,P16,1,31980.0
INV-2162,2025-09-29,C24,P12,1,4310.0
INV-2163,2025-09-29,C37,P13,1,7030.0
INV-2164,2025-09-30,C24,P13,1,6840.0
INV-2165,2025-09-30,C15,P10,262,250.0
INV-2166,2025-10-01,C03,P09,85,320.0
INV-2167,2025-10-01,C24,P13,1,7150.0
INV-2168,2025-10-01,C24,P07,6,4950.0
INV-2169,2025-10-01,C24,P21,1,12480.0
INV-2170,2025-10-01,C24,P10,155,250.0
INV-2171,2025-10-02,C37,P19,1,2000.0
INV-2172,2025-10-02,C37,P15,1,24800.0
INV-2173,2025-10-03,C25,P11,3,1640.0
INV-2174,2025-10-03,C37,P15,1,26390.0
INV-2175,2025-10-03,C24,P16,1,32180.0
INV-2176,2025-10-03,C24,P05,57,870.0
INV-2177,2025-10-03,C33,P04,1,35500.0
INV-2178,2025-10-03,C07,P01,14,20610.0
INV-2179,2025-10-03,C24,P23,1,4010.0
INV-2180,2025-10-03,C24,P22,1,1480.0
INV-2181,2025-10-04,C24,P10,148,270.0
INV-2182,2025-10-04,C24,P07,3,5010.0
INV-2183,2025-10-04,C38,P07,8,5090.0
INV-2184,2025-10-06,C24,P22,1,1480.0
INV-2185,2025-10-06,C15,P14,1,2190.0
INV-2186,2025-10-07,C24,P14,1,2190.0
INV-2187,2025-10-07,C24,P12,2,4410.0
INV-2188,2025-10-07,C24,P12,1,4410.0
INV-2189,2025-10-08,C24,P19,1,1970.0
INV-2190,2025-10-08,C39,P14,1,2370.0
INV-2191,2025-10-08,C15,P22,1,1370.0
INV-2192,2025-10-09,C37,P17,1,27000.0
INV-2193,2025-10-09,C05,P14,1,2320.0
INV-2194,2025-10-09,C05,P19,1,1890.0
INV-2195,2025-10-10,C15,P23,1,3880.0
INV-2196,2025-10-10,C37,P07,1,4840.0
INV-2197,2025-10-10,C40,P03,7,9160.0
INV-2198,2025-10-10,C09,P14,1,2240.0
INV-2199,2025-10-10,C37,P08,18,390.0
INV-2200,2025-10-10,C32,P05,46,880.0
INV-2201,2025-10-11,C33,P11,5,1550.0
INV-2202,2025-10-11,C24,P10,42,270.0
INV-2203,2025-10-11,C06,P12,1,4540.0
INV-2204,2025-10-11,C19,P08,87,360.0
INV-2205,2025-10-11,C24,P08,154,350.0
INV-2206,2025-10-11,C33,P08,46,350.0
INV-2207,2025-10-11,C24,P02,1,30680.0
INV-2208,2025-10-11,C15,P03,7,8820.0
INV-2209,2025-10-13,C24,P19,1,2050.0
INV-2210,2025-10-13,C36,P19,1,2020.0
INV-2211,2025-10-13,C26,P09,10,330.0
INV-2212,2025-10-14,C24,P06,27,810.0
INV-2213,2025-10-14,C33,P08,41,370.0
INV-2214,2025-10-14,C12,P19,1,2010.0
INV-2215,2025-10-14,C24,P17,1,28120.0
INV-2216,2025-10-14,C24,P09,28,320.0
INV-2217,2025-10-15,C15,P01,5,22370.0
INV-2218,2025-10-15,C24,P08,11,390.0
INV-2219,2025-10-15,C24,P03,5,9070.0
INV-2220,2025-10-16,C14,P15,1,24020.0
INV-2221,2025-10-16,C24,P18,16,610.0
INV-2222,2025-10-16,C24,P06,26,880.0
INV-2223,2025-10-17,C15,P13,1,6940.0
INV-2224,2025-10-17,C15,P06,25,870.0
INV-2225,2025-10-17,C23,P09,132,340.0
INV-2226,2025-10-17,C37,P19,1,1960.0
INV-2227,2025-10-18,C24,P20,1,53610.0
INV-2228,2025-10-18,C33,P06,17,860.0
INV-2229,2025-10-18,C25,P19,1,1960.0
INV-2230,2025-10-20,C24,P14,1,2210.0
INV-2231,2025-10-20,C31,P09,79,340.0
INV-2232,2025-10-20,C33,P07,6,4750.0
INV-2233,2025-10-21,C24,P14,2,2240.0
INV-2234,2025-10-21,C39,P02,7,30880.0
INV-2235,2025-10-21,C24,P12,1,4630.0
INV-2236,2025-10-23,C24,P09,30,330.0
INV-2237,2025-10-23,C36,P17,1,27730.0
INV-2238,2025-10-23,C24,P12,4,4530.0
INV-2239,2025-10-23,C26,P07,1,4930.0
INV-2240,2025-10-23,C24,P07,13,4850.0
INV-2241,2025-10-24,C37,P12,1,4430.0
INV-2242,2025-10-24,C01,P20,1,55260.0
INV-2243,2025-10-25,C24,P11,5,1640.0
INV-2244,2025-10-25,C24,P16,1,32140.0
INV-2245,2025-10-25,C24,P15,1,25510.0
INV-2246,2025-10-25,C15,P04,1,35700.0
INV-2247,2025-10-27,C15,P01,3,22220.0
INV-2248,2025-10-27,C39,P16,1,30920.0
INV-2249,2025-10-27,C24,P19,1,1900.0
INV-2250,2025-10-29,C24,P02,4,29240.0
INV-2251,2025-10-30,C25,P19,2,2040.0
INV-2252,2025-10-31,C24,P12,2,4300.0
INV-2253,2025-10-31,C15,P23,1,4030.0
INV-2254,2025-10-31,C24,P23,1,4240.0
INV-2255,2025-10-31,C15,P15,3,24260.0
INV-2256,2025-10-31,C24,P13,1,6880.0
INV-2257,2025-11-01,C37,P12,1,4530.0
INV-2258,2025-11-01,C24,P06,39,810.0
INV-2259,2025-11-03,C33,P12,1,4450.0
INV-2260,2025-11-03,C15,P07,8,5000.0
INV-2261,2025-11-03,C24,P07,8,4990.0
INV-2262,2025-11-04,C24,P18,2,600.0
INV-2263,2025-11-05,C24,P04,1,37600.0
INV-2264,2025-11-06,C24,P13,1,6680.0
INV-2265,2025-11-07,C14,P18,4,600.0
INV-2266,2025-11-07,C24,P11,2,1610.0
INV-2267,2025-11-07,C15,P08,68,390.0
INV-2268,2025-11-07,C26,P02,5,30500.0
INV-2269,2025-11-07,C40,P03,6,9130.0
INV-2270,2025-11-08,C36,P18,1,610.0
INV-2271,2025-11-08,C38,P18,2,620.0
INV-2272,2025-11-08,C24,P07,8,4870.0
INV-2273,2025-11-10,C22,P03,3,9260.0
INV-2274,2025-11-10,C24,P19,1,2060.0
INV-2275,2025-11-10,C24,P14,1,2380.0
INV-2276,2025-11-10,C24,P09,134,340.0
INV-2277,2025-11-11,C23,P18,5,620.0
INV-2278,2025-11-11,C15,P12,2,4400.0
INV-2279,2025-11-11,C24,P18,11,590.0
INV-2280,2025-11-11,C24,P05,89,910.0
INV-2281,2025-11-11,C24,P19,1,1920.0
INV-2282,2025-11-12,C23,P13,1,6600.0
INV-2283,2025-11-13,C24,P17,1,27200.0
INV-2284,2025-11-13,C37,P16,1,30680.0
INV-2285,2025-11-13,C37,P01,6,21210.0
INV-2286,2025-11-14,C38,P15,1,25370.0
INV-2287,2025-11-14,C25,P23,1,3920.0
INV-2288,2025-11-14,C15,P19,1,2080.0
INV-2289,2025-11-14,C24,P06,12,860.0
INV-2290,2025-11-15,C25,P22,1,1390.0
INV-2291,2025-11-15,C24,P10,90,280.0
INV-2292,2025-11-15,C32,P10,115,270.0
INV-2293,2025-11-15,C24,P02,1,28720.0
INV-2294,2025-11-15,C27,P09,9,330.0
INV-2295,2025-11-17,C37,P22,1,1430.0
INV-2296,2025-11-17,C24,P19,3,2010.0
INV-2297,2025-11-18,C24,P07,1,4820.0
INV-2298,2025-11-18,C15,P04,1,37390.0
INV-2299,2025-11-18,C24,P03,1,9500.0
INV-2300,2025-11-18,C24,P03,3,9490.0
INV-2301,2025-11-18,C24,P06,6,870.0
INV-2302,2025-11-18,C15,P12,1,4530.0
INV-2303,2025-11-19,C23,P02,3,29390.0
INV-2304,2025-11-20,C15,P14,1,2380.0
INV-2305,2025-11-20,C26,P07,4,5180.0
INV-2306,2025-11-20,C23,P19,1,1980.0
INV-2307,2025-11-21,C15,P08,230,380.0
INV-2308,2025-11-21,C39,P07,1,5000.0
INV-2309,2025-11-21,C25,P15,1,26230.0
INV-2310,2025-11-22,C24,P14,2,2210.0
INV-2311,2025-11-22,C15,P15,1,24190.0
INV-2312,2025-11-22,C24,P19,1,1990.0
INV-2313,2025-11-22,C28,P10,64,270.0
INV-2314,2025-11-24,C30,P18,2,600.0
INV-2315,2025-11-24,C24,P21,1,11730.0
INV-2316,2025-11-24,C26,P06,2,880.0
INV-2317,2025-11-24,C22,P01,2,21440.0
INV-2318,2025-11-24,C15,P02,1,27930.0
INV-2319,2025-11-25,C06,P02,1,28740.0
INV-2320,2025-11-25,C15,P15,1,24580.0
INV-2321,2025-11-25,C24,P14,1,2390.0
INV-2322,2025-11-25,C24,P18,2,590.0
INV-2323,2025-11-25,C32,P09,191,330.0
INV-2324,2025-11-27,C01,P18,3,600.0
INV-2325,2025-11-27,C24,P03,1,8830.0
INV-2326,2025-11-27,C28,P16,1,31510.0
INV-2327,2025-11-27,C24,P07,5,4820.0
INV-2328,2025-11-27,C24,P11,2,1630.0
INV-2329,2025-11-27,C24,P11,1,1610.0
INV-2330,2025-11-28,C24,P07,1,4820.0
INV-2331,2025-11-28,C24,P21,1,11470.0
INV-2332,2025-11-28,C24,P02,4,30210.0
INV-2333,2025-11-29,C24,P06,11,860.0
INV-2334,2025-11-29,C24,P24,1,379010.0
INV-2335,2025-11-29,C23,P06,22,830.0
INV-2336,2025-12-01,C25,P04,1,36780.0
INV-2337,2025-12-01,C39,P20,1,56660.0
INV-2338,2025-12-01,C24,P14,2,2390.0
INV-2339,2025-12-01,C15,P06,15,820.0
INV-2340,2025-12-02,C24,P18,11,600.0
INV-2341,2025-12-02,C33,P13,1,6750.0
INV-2342,2025-12-02,C37,P03,3,9200.0
INV-2343,2025-12-02,C24,P05,33,890.0
INV-2344,2025-12-03,C37,P10,73,270.0
INV-2345,2025-12-03,C37,P06,42,840.0
INV-2346,2025-12-03,C24,P15,1,23900.0
INV-2347,2025-12-03,C24,P15,1,24010.0
INV-2348,2025-12-03,C39,P15,1,26360.0
INV-2349,2025-12-04,C24,P03,2,9110.0
INV-2350,2025-12-04,C24,P03,2,9710.0
INV-2351,2025-12-04,C02,P24,1,410580.0
INV-2352,2025-12-05,C28,P10,20,260.0
INV-2353,2025-12-05,C24,P09,86,320.0
INV-2354,2025-12-05,C04,P19,1,2020.0
INV-2355,2025-12-06,C39,P14,1,2320.0
INV-2356,2025-12-06,C15,P02,2,28240.0
INV-2357,2025-12-06,C15,P18,7,650.0
INV-2358,2025-12-06,C32,P03,5,9700.0
INV-2359,2025-12-08,C24,P10,135,270.0
INV-2360,2025-12-08,C26,P13,1,6730.0
INV-2361,2025-12-09,C15,P02,1,30320.0
INV-2362,2025-12-09,C24,P11,7,1540.0
INV-2363,2025-12-10,C15,P15,3,25720.0
INV-2364,2025-12-10,C06,P05,1,950.0
INV-2365,2025-12-11,C24,P09,21,340.0
INV-2366,2025-12-11,C23,P09,13,340.0
INV-2367,2025-12-11,C19,P11,4,1590.0
INV-2368,2025-12-11,C24,P10,67,260.0
INV-2369,2025-12-11,C24,P20,1,53550.0
INV-2370,2025-12-11,C24,P14,2,2220.0
INV-2371,2025-12-12,C24,P08,74,370.0
INV-2372,2025-12-12,C03,P08,146,370.0
INV-2373,2025-12-12,C06,P05,8,890.0
INV-2374,2025-12-13,C15,P12,2,4410.0
INV-2375,2025-12-13,C24,P18,1,600.0
INV-2376,2025-12-13,C24,P07,4,5080.0
INV-2377,2025-12-15,C14,P15,2,24250.0
INV-2378,2025-12-15,C24,P18,4,620.0
INV-2379,2025-12-15,C14,P14,1,2230.0
INV-2380,2025-12-15,C22,P03,2,9340.0
INV-2381,2025-12-16,C32,P12,1,4480.0
INV-2382,2025-12-16,C24,P04,1,38490.0
INV-2383,2025-12-16,C27,P19,3,2000.0
INV-2384,2025-12-16,C15,P16,2,31740.0
INV-2385,2025-12-16,C15,P08,170,390.0
INV-2386,2025-12-17,C24,P05,75,870.0
INV-2387,2025-12-17,C24,P14,1,2240.0
INV-2388,2025-12-17,C24,P01,11,21610.0
INV-2389,2025-12-17,C01,P03,2,9690.0
INV-2390,2025-12-18,C33,P06,9,860.0
INV-2391,2025-12-18,C32,P11,4,1530.0
INV-2392,2025-12-19,C24,P04,1,36340.0
INV-2393,2025-12-19,C15,P14,2,2330.0
INV-2394,2025-12-19,C25,P14,2,2200.0
INV-2395,2025-12-19,C23,P14,1,2370.0
INV-2396,2025-12-20,C39,P07,16,4770.0
INV-2397,2025-12-20,C24,P03,2,9720.0
INV-2398,2025-12-20,C02,P04,1,36060.0
INV-2399,2025-12-20,C17,P09,61,320.0
INV-2400,2025-12-20,C24,P20,1,57170.0
INV-2401,2025-12-22,C24,P02,7,30880.0
INV-2402,2025-12-22,C24,P06,54,900.0
INV-2403,2025-12-22,C24,P01,7,21400.0
INV-2404,2025-12-22,C15,P13,1,6900.0
INV-2405,2025-12-22,C26,P07,18,5080.0
INV-2406,2025-12-22,C06,P02,11,28990.0
INV-2407,2025-12-22,C24,P12,1,4430.0
INV-2408,2025-12-23,C25,P19,1,2080.0
INV-2409,2025-12-23,C01,P17,1,28110.0
INV-2410,2025-12-24,C21,P05,25,920.0
INV-2411,2025-12-24,C24,P15,1,23940.0
INV-2412,2025-12-24,C25,P13,1,6720.0
INV-2413,2025-12-24,C24,P10,110,260.0
INV-2414,2025-12-24,C24,P09,86,320.0
INV-2415,2025-12-25,C39,P07,13,5020.0
INV-2416,2025-12-25,C24,P11,2,1630.0
INV-2417,2025-12-26,C24,P15,2,24180.0
INV-2418,2025-12-26,C24,P17,1,27990.0
INV-2419,2025-12-29,C30,P18,3,630.0
INV-2420,2025-12-29,C24,P16,1,31760.0
INV-2421,2025-12-30,C36,P17,1,28940.0
INV-2422,2025-12-30,C15,P12,1,4560.0
INV-2423,2025-12-30,C24,P09,187,330.0
INV-2424,2025-12-30,C11,P20,1,57210.0
INV-2425,2025-12-30,C24,P17,1,28550.0
INV-2426,2025-12-31,C24,P04,1,38070.0
INV-2427,2025-12-31,C24,P01,4,22420.0
INV-2428,2025-12-31,C30,P08,70,370.0
INV-2429,2025-12-31,C27,P06,17,830.0
INV-2430,2026-01-01,C24,P03,1,8900.0
INV-2431,2026-01-02,C15,P10,3,260.0
INV-2432,2026-01-03,C24,P02,4,30790.0
INV-2433,2026-01-03,C15,P07,38,4860.0
INV-2434,2026-01-05,C24,P09,30,340.0
INV-2435,2026-01-05,C24,P17,1,27350.0
INV-2436,2026-01-05,C24,P11,4,1620.0
INV-2437,2026-01-05,C25,P11,5,1530.0
INV-2438,2026-01-06,C39,P01,7,21870.0
INV-2439,2026-01-06,C07,P08,52,390.0
INV-2440,2026-01-06,C24,P24,1,405650.0
INV-2441,2026-01-06,C24,P12,4,4680.0
INV-2442,2026-01-06,C15,P06,22,840.0
INV-2443,2026-01-07,C37,P10,97,270.0
INV-2444,2026-01-07,C31,P19,2,2030.0
INV-2445,2026-01-07,C15,P07,9,4880.0
INV-2446,2026-01-07,C35,P15,1,24280.0
INV-2447,2026-01-08,C24,P02,7,30050.0
INV-2448,2026-01-08,C24,P09,17,340.0
INV-2449,2026-01-08,C39,P07,6,4790.0
INV-2450,2026-01-09,C24,P06,58,830.0
INV-2451,2026-01-09,C29,P15,1,24140.0
INV-2452,2026-01-09,C24,P05,28,890.0
INV-2453,2026-01-09,C24,P12,1,4410.0
INV-2454,2026-01-10,C15,P10,87,280.0
INV-2455,2026-01-10,C24,P01,3,20800.0
INV-2456,2026-01-10,C25,P19,1,1940.0
INV-2457,2026-01-10,C24,P18,3,640.0
INV-2458,2026-01-10,C24,P01,5,20690.0
INV-2459,2026-01-12,C37,P04,2,35420.0
INV-2460,2026-01-12,C33,P14,3,2230.0
INV-2461,2026-01-13,C24,P05,37,890.0
INV-2462,2026-01-13,C24,P05,21,920.0
INV-2463,2026-01-14,C15,P03,2,9260.0
INV-2464,2026-01-14,C24,P14,1,2390.0
INV-2465,2026-01-14,C14,P19,1,2060.0
INV-2466,2026-01-15,C33,P19,1,1890.0
INV-2467,2026-01-15,C31,P05,23,910.0
INV-2468,2026-01-15,C15,P03,3,9780.0
INV-2469,2026-01-16,C24,P16,1,30380.0
INV-2470,2026-01-16,C24,P08,50,380.0
INV-2471,2026-01-16,C24,P15,1,25320.0
INV-2472,2026-01-17,C01,P19,1,1900.0
INV-2473,2026-01-17,C37,P10,92,270.0
INV-2474,2026-01-17,C24,P16,1,32460.0
INV-2475,2026-01-17,C37,P03,4,8990.0
INV-2476,2026-01-17,C24,P08,88,370.0
INV-2477,2026-01-17,C24,P15,2,25510.0
INV-2478,2026-01-19,C24,P24,1,399130.0
INV-2479,2026-01-19,C24,P16,1,31570.0
INV-2480,2026-01-19,C01,P01,6,20790.0
INV-2481,2026-01-21,C24,P12,1,4660.0
INV-2482,2026-01-21,C37,P05,19,920.0
INV-2483,2026-01-22,C24,P14,1,2340.0
INV-2484,2026-01-22,C15,P15,2,25350.0
INV-2485,2026-01-22,C03,P14,1,2230.0
INV-2486,2026-01-23,C01,P02,4,30580.0
INV-2487,2026-01-23,C24,P15,1,25960.0
INV-2488,2026-01-23,C24,P03,1,9740.0
INV-2489,2026-01-23,C39,P18,13,640.0
INV-2490,2026-01-24,C15,P19,1,2050.0
INV-2491,2026-01-24,C15,P03,2,9780.0
INV-2492,2026-01-24,C24,P18,6,640.0
INV-2493,2026-01-27,C05,P15,1,26250.0
INV-2494,2026-01-27,C24,P09,110,330.0
INV-2495,2026-01-27,C24,P08,89,360.0
INV-2496,2026-01-27,C05,P04,1,37960.0
INV-2497,2026-01-28,C18,P13,1,6480.0
INV-2498,2026-01-28,C25,P19,1,1980.0
INV-2499,2026-01-29,C24,P14,2,2180.0
INV-2500,2026-01-29,C38,P10,135,280.0
INV-2501,2026-01-29,C24,P12,7,4430.0
INV-2502,2026-01-29,C33,P03,1,9450.0
INV-2503,2026-01-29,C26,P06,13,880.0
INV-2504,2026-01-29,C24,P06,23,810.0
INV-2505,2026-01-29,C24,P06,10,860.0
INV-2506,2026-01-29,C39,P01,4,21580.0
INV-2507,2026-01-29,C03,P08,82,370.0
INV-2508,2026-01-30,C25,P09,36,330.0
INV-2509,2026-01-30,C30,P02,2,28430.0
INV-2510,2026-01-31,C15,P08,53,390.0
INV-2511,2026-01-31,C32,P09,264,340.0
INV-2512,2026-01-31,C37,P03,3,9400.0
INV-2513,2026-01-31,C39,P19,1,1930.0
INV-2514,2026-01-31,C24,P18,9,590.0
INV-2515,2026-02-02,C24,P09,207,320.0
INV-2516,2026-02-02,C37,P02,10,29630.0
INV-2517,2026-02-03,C38,P16,1,30290.0
INV-2518,2026-02-03,C27,P03,6,9500.0
INV-2519,2026-02-03,C24,P07,29,5020.0
INV-2520,2026-02-04,C33,P19,2,1890.0
INV-2521,2026-02-05,C26,P14,1,2280.0
INV-2522,2026-02-05,C25,P02,3,28400.0
INV-2523,2026-02-05,C24,P07,1,4980.0
INV-2524,2026-02-06,C24,P18,15,590.0
INV-2525,2026-02-06,C20,P08,19,390.0
INV-2526,2026-02-06,C15,P08,42,380.0
INV-2527,2026-02-06,C24,P18,11,640.0
INV-2528,2026-02-06,C24,P15,1,24120.0
INV-2529,2026-02-07,C39,P04,1,35970.0
INV-2530,2026-02-07,C24,P08,114,350.0
INV-2531,2026-02-09,C33,P16,1,32420.0
INV-2532,2026-02-09,C24,P03,6,9760.0
INV-2533,2026-02-09,C24,P11,2,1630.0
INV-2534,2026-02-09,C24,P07,8,5010.0
INV-2535,2026-02-09,C24,P12,2,4290.0
INV-2536,2026-02-10,C24,P10,305,270.0
INV-2537,2026-02-10,C24,P05,86,940.0
INV-2538,2026-02-10,C15,P16,1,30620.0
INV-2539,2026-02-10,C37,P19,1,2020.0
INV-2540,2026-02-10,C37,P09,252,350.0
INV-2541,2026-02-10,C15,P12,1,4400.0
INV-2542,2026-02-11,C24,P02,4,28640.0
INV-2543,2026-02-12,C39,P10,85,280.0
INV-2544,2026-02-12,C24,P19,2,1970.0
INV-2545,2026-02-12,C07,P15,3,24120.0
INV-2546,2026-02-12,C25,P16,1,31510.0
INV-2547,2026-02-13,C24,P12,2,4330.0
INV-2548,2026-02-13,C24,P06,68,860.0
INV-2549,2026-02-14,C25,P14,3,2310.0
INV-2550,2026-02-14,C24,P15,1,24330.0
INV-2551,2026-02-14,C33,P05,57,880.0
INV-2552,2026-02-14,C25,P13,1,7000.0
INV-2553,2026-02-16,C24,P01,1,20310.0
INV-2554,2026-02-16,C24,P14,1,2210.0
INV-2555,2026-02-16,C24,P01,7,20880.0
INV-2556,2026-02-16,C24,P08,105,360.0
INV-2557,2026-02-16,C24,P07,4,4800.0
INV-2558,2026-02-17,C01,P12,4,4250.0
INV-2559,2026-02-17,C25,P16,1,32660.0
INV-2560,2026-02-17,C26,P05,15,870.0
INV-2561,2026-02-17,C15,P15,1,25780.0
INV-2562,2026-02-17,C33,P07,10,4920.0
INV-2563,2026-02-18,C22,P08,194,390.0
INV-2564,2026-02-18,C15,P03,4,9360.0
INV-2565,2026-02-18,C24,P06,19,820.0
INV-2566,2026-02-18,C15,P11,6,1510.0
INV-2567,2026-02-19,C14,P03,2,9750.0
INV-2568,2026-02-20,C24,P14,1,2300.0
INV-2569,2026-02-20,C37,P14,1,2400.0
INV-2570,2026-02-20,C37,P01,6,20390.0
INV-2571,2026-02-21,C25,P14,1,2230.0
INV-2572,2026-02-21,C26,P06,32,850.0
INV-2573,2026-02-21,C24,P17,1,26340.0
INV-2574,2026-02-23,C33,P15,1,24480.0
INV-2575,2026-02-24,C33,P19,1,2030.0
INV-2576,2026-02-24,C24,P16,1,32130.0
INV-2577,2026-02-24,C15,P01,2,22110.0
INV-2578,2026-02-25,C24,P15,1,25960.0
INV-2579,2026-02-25,C05,P07,4,4840.0
INV-2580,2026-02-25,C15,P01,8,22350.0
INV-2581,2026-02-25,C03,P03,6,9010.0
INV-2582,2026-02-26,C24,P04,1,37200.0
INV-2583,2026-02-26,C39,P16,1,32830.0
INV-2584,2026-02-27,C24,P17,1,26620.0
INV-2585,2026-02-27,C24,P15,4,24720.0
INV-2586,2026-02-27,C02,P06,11,830.0
INV-2587,2026-02-27,C24,P03,5,9770.0
INV-2588,2026-02-28,C32,P19,1,2020.0
INV-2589,2026-02-28,C24,P11,2,1610.0
INV-2590,2026-03-02,C24,P15,1,24210.0
INV-2591,2026-03-02,C24,P14,3,2400.0
INV-2592,2026-03-02,C03,P07,35,4910.0
INV-2593,2026-03-02,C06,P09,47,320.0
INV-2594,2026-03-02,C24,P13,1,6650.0
INV-2595,2026-03-02,C24,P11,1,1590.0
INV-2596,2026-03-02,C24,P12,3,4460.0
INV-2597,2026-03-02,C24,P01,6,20520.0
INV-2598,2026-03-03,C24,P05,49,910.0
INV-2599,2026-03-03,C39,P07,23,5120.0
INV-2600,2026-03-04,C24,P01,9,20780.0
INV-2601,2026-03-04,C24,P13,1,7140.0
INV-2602,2026-03-04,C24,P08,172,360.0
INV-2603,2026-03-04,C15,P19,1,1970.0
INV-2604,2026-03-04,C24,P19,5,1910.0
INV-2605,2026-03-04,C24,P11,4,1560.0
INV-2606,2026-03-05,C24,P12,4,4520.0
INV-2607,2026-03-05,C24,P10,160,260.0
INV-2608,2026-03-06,C40,P14,3,2280.0
INV-2609,2026-03-06,C38,P12,1,4640.0
INV-2610,2026-03-06,C25,P16,1,32280.0
INV-2611,2026-03-06,C24,P04,1,36080.0
INV-2612,2026-03-07,C24,P14,1,2310.0
INV-2613,2026-03-07,C39,P11,4,1540.0
INV-2614,2026-03-07,C24,P02,7,29170.0
INV-2615,2026-03-07,C14,P19,1,2070.0
INV-2616,2026-03-07,C24,P13,1,6730.0
INV-2617,2026-03-07,C15,P18,2,630.0
INV-2618,2026-03-09,C24,P11,4,1610.0
INV-2619,2026-03-09,C24,P15,1,24950.0
INV-2620,2026-03-09,C15,P18,27,610.0
INV-2621,2026-03-10,C24,P09,99,320.0
INV-2622,2026-03-10,C21,P14,3,2280.0
INV-2623,2026-03-10,C24,P13,2,6710.0
INV-2624,2026-03-10,C22,P08,164,390.0
INV-2625,2026-03-10,C24,P04,1,36070.0
INV-2626,2026-03-10,C24,P14,1,2170.0
INV-2627,2026-03-11,C15,P18,5,620.0
INV-2628,2026-03-11,C24,P14,6,2180.0
INV-2629,2026-03-11,C24,P01,5,22380.0
INV-2630,2026-03-12,C26,P03,4,9760.0
INV-2631,2026-03-12,C39,P06,83,870.0
INV-2632,2026-03-12,C24,P14,1,2270.0
INV-2633,2026-03-14,C25,P03,6,9590.0
INV-2634,2026-03-16,C15,P20,1,55450.0
INV-2635,2026-03-16,C07,P19,1,1980.0
INV-2636,2026-03-16,C24,P10,220,260.0
INV-2637,2026-03-16,C24,P06,30,840.0
INV-2638,2026-03-16,C25,P09,307,320.0
INV-2639,2026-03-16,C15,P12,1,4520.0
INV-2640,2026-03-17,C30,P09,54,350.0
INV-2641,2026-03-17,C25,P01,1,21840.0
INV-2642,2026-03-19,C37,P03,3,8960.0
INV-2643,2026-03-19,C24,P06,12,890.0
INV-2644,2026-03-20,C24,P16,1,32700.0
INV-2645,2026-03-21,C03,P10,178,260.0
INV-2646,2026-03-21,C24,P07,32,4740.0
INV-2647,2026-03-23,C24,P05,95,940.0
INV-2648,2026-03-23,C07,P08,39,360.0
INV-2649,2026-03-23,C24,P03,13,9100.0
INV-2650,2026-03-23,C26,P11,9,1550.0
INV-2651,2026-03-23,C39,P15,8,24720.0
INV-2652,2026-03-24,C15,P14,1,2280.0
INV-2653,2026-03-24,C24,P17,1,27820.0
INV-2654,2026-03-25,C39,P17,1,26960.0
INV-2655,2026-03-25,C31,P20,1,57580.0
INV-2656,2026-03-25,C24,P06,50,890.0
INV-2657,2026-03-25,C03,P09,123,340.0
INV-2658,2026-03-26,C24,P08,173,380.0
INV-2659,2026-03-26,C24,P18,9,650.0
INV-2660,2026-03-26,C24,P02,11,28720.0
INV-2661,2026-03-27,C24,P02,4,29260.0
INV-2662,2026-03-27,C11,P11,1,1530.0
INV-2663,2026-03-27,C37,P19,3,2100.0
INV-2664,2026-03-27,C22,P05,43,860.0
INV-2665,2026-03-28,C24,P08,72,350.0
INV-2666,2026-03-30,C11,P12,4,4580.0
INV-2667,2026-03-30,C24,P15,1,26450.0
INV-2668,2026-03-30,C15,P01,4,20670.0
INV-2669,2026-03-31,C01,P04,3,37030.0
INV-2670,2026-04-01,C15,P06,45,870.0
INV-2671,2026-04-01,C24,P18,3,640.0
INV-2672,2026-04-01,C24,P07,4,4850.0
INV-2673,2026-04-01,C24,P05,22,930.0
INV-2674,2026-04-01,C24,P17,2,26170.0
INV-2675,2026-04-01,C15,P02,3,30080.0
INV-2676,2026-04-02,C24,P10,19,260.0
INV-2677,2026-04-02,C26,P10,108,280.0
INV-2678,2026-04-02,C32,P12,1,4610.0
INV-2679,2026-04-02,C37,P11,1,1610.0
INV-2680,2026-04-02,C15,P15,3,24020.0
INV-2681,2026-04-03,C24,P18,7,620.0
INV-2682,2026-04-03,C24,P08,115,360.0
INV-2683,2026-04-04,C24,P02,2,28570.0
INV-2684,2026-04-04,C15,P15,1,25850.0
INV-2685,2026-04-06,C39,P02,1,29910.0
INV-2686,2026-04-06,C24,P05,10,880.0
INV-2687,2026-04-06,C24,P07,1,4810.0
INV-2688,2026-04-06,C08,P07,4,4870.0
INV-2689,2026-04-06,C24,P01,1,21480.0
INV-2690,2026-04-07,C24,P03,6,9670.0
INV-2691,2026-04-07,C15,P05,55,930.0
INV-2692,2026-04-07,C39,P08,9,390.0
INV-2693,2026-04-10,C24,P04,1,36680.0
INV-2694,2026-04-10,C19,P02,5,29290.0
INV-2695,2026-04-10,C15,P01,1,21780.0
INV-2696,2026-04-10,C17,P06,34,820.0
INV-2697,2026-04-10,C24,P09,181,320.0
INV-2698,2026-04-11,C24,P07,3,4950.0
INV-2699,2026-04-13,C24,P08,27,390.0
INV-2700,2026-04-13,C12,P14,4,2200.0
INV-2701,2026-04-13,C15,P07,3,4720.0
INV-2702,2026-04-14,C27,P15,1,24920.0
INV-2703,2026-04-14,C24,P13,1,6890.0
INV-2704,2026-04-14,C32,P12,1,4620.0
INV-2705,2026-04-14,C15,P08,19,390.0
INV-2706,2026-04-15,C06,P01,6,20370.0
INV-2707,2026-04-15,C24,P09,86,320.0
INV-2708,2026-04-15,C24,P04,3,35430.0
INV-2709,2026-04-16,C05,P01,1,21100.0
INV-2710,2026-04-16,C02,P09,35,330.0
INV-2711,2026-04-17,C15,P11,4,1640.0
INV-2712,2026-04-17,C24,P11,4,1520.0
INV-2713,2026-04-17,C40,P07,2,5010.0
INV-2714,2026-04-17,C24,P08,43,380.0
INV-2715,2026-04-18,C37,P07,4,5140.0
INV-2716,2026-04-18,C37,P07,8,5140.0
INV-2717,2026-04-18,C24,P10,39,250.0
INV-2718,2026-04-18,C09,P16,1,32490.0
INV-2719,2026-04-18,C24,P11,2,1640.0
INV-2720,2026-04-18,C24,P05,15,900.0
INV-2721,2026-04-20,C24,P08,49,350.0
INV-2722,2026-04-20,C02,P01,2,22000.0
INV-2723,2026-04-20,C24,P07,15,4780.0
INV-2724,2026-04-21,C24,P04,1,35600.0
INV-2725,2026-04-21,C24,P09,39,330.0
INV-2726,2026-04-21,C24,P03,1,9470.0
INV-2727,2026-04-22,C24,P11,1,1600.0
INV-2728,2026-04-22,C24,P12,2,4400.0
INV-2729,2026-04-22,C24,P07,1,4790.0
INV-2730,2026-04-22,C24,P01,5,21150.0
INV-2731,2026-04-22,C24,P12,2,4430.0
INV-2732,2026-04-23,C25,P02,3,30650.0
INV-2733,2026-04-23,C24,P05,5,930.0
INV-2734,2026-04-23,C24,P24,1,400300.0
INV-2735,2026-04-24,C38,P18,9,640.0
INV-2736,2026-04-24,C24,P10,39,270.0
INV-2737,2026-04-25,C25,P01,1,20460.0
INV-2738,2026-04-25,C05,P01,1,20260.0
INV-2739,2026-04-25,C03,P08,66,370.0
INV-2740,2026-04-25,C15,P12,2,4650.0
INV-2741,2026-04-27,C24,P16,1,30930.0
INV-2742,2026-04-27,C27,P03,1,9050.0
INV-2743,2026-04-28,C15,P10,107,270.0
INV-2744,2026-04-28,C31,P03,3,9360.0
INV-2745,2026-04-29,C30,P12,1,4270.0
INV-2746,2026-04-29,C37,P12,1,4640.0
INV-2747,2026-04-29,C15,P06,22,860.0
INV-2748,2026-04-29,C24,P05,8,910.0
INV-2749,2026-04-30,C22,P17,1,27190.0
INV-2750,2026-04-30,C24,P03,1,9730.0
INV-2751,2026-04-30,C15,P11,1,1490.0
INV-2752,2026-04-30,C24,P19,1,1910.0
INV-2753,2026-04-30,C37,P12,1,4480.0
INV-2754,2026-05-01,C15,P14,1,2160.0
INV-2755,2026-05-01,C25,P02,4,28860.0
INV-2756,2026-05-01,C24,P19,1,1990.0
INV-2757,2026-05-01,C26,P15,2,25580.0
INV-2758,2026-05-02,C37,P06,16,810.0
INV-2759,2026-05-04,C27,P03,3,9710.0
INV-2760,2026-05-04,C19,P11,1,1490.0
INV-2761,2026-05-05,C24,P19,1,1960.0
INV-2762,2026-05-05,C24,P12,2,4690.0
INV-2763,2026-05-05,C24,P10,46,260.0
INV-2764,2026-05-06,C32,P15,2,24800.0
INV-2765,2026-05-06,C05,P02,2,29780.0
INV-2766,2026-05-06,C14,P14,1,2290.0
INV-2767,2026-05-06,C24,P04,1,36110.0
INV-2768,2026-05-06,C24,P05,44,900.0
INV-2769,2026-05-06,C15,P15,2,25530.0
INV-2770,2026-05-07,C26,P14,1,2200.0
INV-2771,2026-05-07,C23,P08,68,360.0
INV-2772,2026-05-07,C24,P02,2,27950.0
INV-2773,2026-05-08,C14,P08,13,390.0
INV-2774,2026-05-08,C15,P06,43,840.0
INV-2775,2026-05-08,C15,P06,32,840.0
INV-2776,2026-05-09,C33,P17,1,26410.0
INV-2777,2026-05-09,C37,P05,1,860.0
INV-2778,2026-05-11,C15,P01,2,21410.0
INV-2779,2026-05-11,C23,P19,1,2050.0
INV-2780,2026-05-12,C14,P01,2,20520.0
INV-2781,2026-05-12,C24,P18,6,630.0
INV-2782,2026-05-13,C36,P01,8,20780.0
INV-2783,2026-05-13,C15,P02,2,30590.0
INV-2784,2026-05-14,C24,P12,2,4250.0
INV-2785,2026-05-14,C15,P03,4,8850.0
INV-2786,2026-05-14,C32,P04,1,38370.0
INV-2787,2026-05-15,C33,P14,1,2280.0
INV-2788,2026-05-15,C24,P11,4,1560.0
INV-2789,2026-05-15,C02,P14,2,2330.0
INV-2790,2026-05-16,C15,P12,1,4360.0
INV-2791,2026-05-18,C03,P08,175,350.0
INV-2792,2026-05-18,C39,P10,293,250.0
INV-2793,2026-05-18,C24,P14,1,2330.0
INV-2794,2026-05-19,C24,P07,22,4990.0
INV-2795,2026-05-19,C03,P08,48,380.0
INV-2796,2026-05-19,C24,P11,1,1530.0
INV-2797,2026-05-19,C27,P09,120,330.0
INV-2798,2026-05-19,C24,P09,65,330.0
INV-2799,2026-05-20,C24,P15,1,25040.0
INV-2800,2026-05-20,C37,P07,7,4980.0
INV-2801,2026-05-21,C24,P07,10,5110.0
INV-2802,2026-05-21,C20,P08,23,360.0
INV-2803,2026-05-22,C33,P13,1,6950.0
INV-2804,2026-05-22,C24,P13,1,6860.0
INV-2805,2026-05-22,C25,P07,9,4850.0
INV-2806,2026-05-22,C14,P12,2,4530.0
INV-2807,2026-05-23,C14,P05,50,860.0
INV-2808,2026-05-23,C39,P15,1,24220.0
INV-2809,2026-05-25,C15,P09,137,340.0
INV-2810,2026-05-25,C24,P08,75,360.0
INV-2811,2026-05-26,C24,P01,2,21690.0
INV-2812,2026-05-26,C24,P03,6,9600.0
INV-2813,2026-05-27,C14,P13,1,7200.0
INV-2814,2026-05-27,C24,P01,2,21870.0
INV-2815,2026-05-27,C24,P03,2,8870.0
INV-2816,2026-05-28,C28,P18,21,610.0
INV-2817,2026-05-28,C24,P04,2,35460.0
INV-2818,2026-05-28,C24,P07,12,5160.0
INV-2819,2026-05-29,C15,P16,1,30240.0
INV-2820,2026-05-29,C24,P06,15,830.0
INV-2821,2026-05-29,C24,P11,1,1620.0
INV-2822,2026-05-29,C23,P15,1,26130.0
INV-2823,2026-05-30,C24,P09,109,320.0
INV-2824,2026-05-30,C38,P11,8,1620.0
INV-2825,2026-05-30,C24,P14,1,2380.0
INV-2826,2026-06-01,C13,P19,1,1980.0
INV-2827,2026-06-01,C24,P06,20,840.0
INV-2828,2026-06-01,C30,P12,1,4420.0
INV-2829,2026-06-02,C15,P02,10,28840.0
INV-2830,2026-06-03,C25,P12,1,4480.0
INV-2831,2026-06-03,C24,P11,1,1530.0
INV-2832,2026-06-03,C24,P11,4,1530.0
INV-2833,2026-06-03,C24,P10,81,260.0
INV-2834,2026-06-03,C14,P20,1,54920.0
INV-2835,2026-06-03,C06,P06,15,830.0
INV-2836,2026-06-04,C39,P07,8,4900.0
INV-2837,2026-06-04,C15,P16,1,31590.0
INV-2838,2026-06-05,C24,P07,3,5120.0
INV-2839,2026-06-05,C24,P18,7,640.0
INV-2840,2026-06-06,C15,P17,1,26660.0
INV-2841,2026-06-06,C07,P15,1,25980.0
INV-2842,2026-06-06,C15,P07,12,4690.0
INV-2843,2026-06-09,C15,P15,2,26050.0
INV-2844,2026-06-09,C24,P03,1,8820.0
INV-2845,2026-06-09,C24,P07,3,5060.0
INV-2846,2026-06-10,C24,P18,4,610.0
INV-2847,2026-06-10,C24,P18,6,590.0
INV-2848,2026-06-11,C37,P14,1,2270.0
INV-2849,2026-06-11,C24,P12,2,4690.0
INV-2850,2026-06-11,C14,P02,1,30020.0
INV-2851,2026-06-11,C01,P08,54,360.0
INV-2852,2026-06-11,C10,P01,8,21550.0
INV-2853,2026-06-12,C24,P15,1,26000.0
INV-2854,2026-06-12,C23,P05,72,930.0
INV-2855,2026-06-13,C15,P11,3,1520.0
INV-2856,2026-06-13,C24,P15,3,25210.0
INV-2857,2026-06-15,C15,P14,3,2170.0
INV-2858,2026-06-15,C33,P08,13,370.0
INV-2859,2026-06-15,C25,P11,6,1560.0
INV-2860,2026-06-15,C24,P08,93,370.0
INV-2861,2026-06-16,C24,P17,1,28080.0
INV-2862,2026-06-16,C15,P11,3,1640.0
INV-2863,2026-06-16,C15,P08,51,350.0
INV-2864,2026-06-16,C24,P17,1,26980.0
INV-2865,2026-06-17,C26,P03,6,9520.0
INV-2866,2026-06-17,C15,P12,2,4640.0
INV-2867,2026-06-17,C24,P08,45,380.0
INV-2868,2026-06-17,C24,P08,31,370.0
INV-2869,2026-06-18,C32,P17,1,27860.0
INV-2870,2026-06-18,C16,P18,14,630.0
INV-2871,2026-06-18,C25,P17,1,27510.0
INV-2872,2026-06-18,C05,P10,33,260.0
INV-2873,2026-06-19,C24,P11,2,1540.0
INV-2874,2026-06-19,C24,P02,1,29490.0
INV-2875,2026-06-19,C37,P10,104,270.0
INV-2876,2026-06-19,C15,P13,1,6800.0
INV-2877,2026-06-19,C24,P19,1,2090.0
INV-2878,2026-06-20,C24,P15,1,25900.0
INV-2879,2026-06-20,C02,P11,1,1600.0
INV-2880,2026-06-20,C22,P08,62,380.0
INV-2881,2026-06-20,C33,P01,5,21620.0
INV-2882,2026-06-20,C15,P09,184,340.0
INV-2883,2026-06-22,C32,P06,35,860.0
INV-2884,2026-06-22,C24,P14,1,2190.0
INV-2885,2026-06-22,C15,P06,13,880.0
INV-2886,2026-06-22,C22,P05,51,860.0
INV-2887,2026-06-22,C24,P03,1,8820.0
INV-2888,2026-06-22,C40,P07,1,5050.0
INV-2889,2026-06-22,C24,P12,1,4350.0
INV-2890,2026-06-23,C24,P12,1,4320.0
INV-2891,2026-06-23,C29,P20,1,57270.0
INV-2892,2026-06-23,C10,P01,1,21900.0
INV-2893,2026-06-23,C25,P04,1,35940.0
INV-2894,2026-06-23,C24,P03,5,9540.0
INV-2895,2026-06-24,C24,P17,1,27940.0
INV-2896,2026-06-24,C32,P20,1,56630.0
INV-2897,2026-06-24,C02,P10,144,270.0
INV-2898,2026-06-24,C02,P09,227,320.0
INV-2899,2026-06-25,C28,P01,1,22260.0
INV-2900,2026-06-25,C09,P15,3,25910.0
INV-2901,2026-06-25,C37,P05,2,930.0
INV-2902,2026-06-25,C24,P06,13,890.0
INV-2903,2026-06-25,C33,P13,1,6730.0
INV-2904,2026-06-26,C24,P16,1,29930.0
INV-2905,2026-06-26,C15,P07,16,4980.0
INV-2906,2026-06-26,C15,P13,1,6530.0
INV-2907,2026-06-27,C24,P09,17,330.0
INV-2908,2026-06-27,C37,P14,1,2380.0
INV-2909,2026-06-27,C24,P14,1,2350.0
INV-2910,2026-06-27,C24,P02,3,30290.0
INV-2911,2026-06-27,C24,P09,20,320.0
INV-2912,2026-06-27,C23,P01,4,22250.0
INV-2913,2026-06-29,C21,P18,2,590.0
INV-2914,2026-06-29,C02,P08,70,390.0
INV-2915,2026-06-30,C24,P16,1,31110.0
INV-2916,2026-06-30,C24,P14,1,2350.0
INV-2917,2026-06-30,C06,P14,2,2240.0
INV-2918,2026-06-30,C24,P12,1,4650.0
INV-2919,2026-06-30,C16,P11,2,1570.0
INV-2920,2026-06-30,C33,P07,5,4990.0
INV-2921,2026-06-30,C33,P07,5,5140.0
INV-2922,2026-06-30,C24,P06,12,840.0
INV-2923,2026-06-30,C30,P18,3,640.0
INV-2924,2026-07-01,C15,P05,3,890.0
INV-2925,2026-07-01,C27,P05,20,900.0
INV-2926,2026-07-01,C24,P14,1,2320.0
INV-2927,2026-07-01,C24,P08,79,360.0
INV-2928,2026-07-01,C14,P17,1,28100.0
INV-2929,2026-07-02,C24,P12,2,4590.0
INV-2930,2026-07-02,C33,P14,2,2260.0
INV-2931,2026-07-02,C24,P14,1,2220.0
INV-2932,2026-07-03,C26,P15,1,25040.0
INV-2933,2026-07-03,C24,P07,9,4940.0
INV-2934,2026-07-03,C15,P09,14,320.0
INV-2935,2026-07-03,C15,P06,64,880.0
INV-2936,2026-07-03,C24,P15,3,24130.0
INV-2937,2026-07-03,C15,P17,1,28080.0
INV-2938,2026-07-03,C24,P04,1,36520.0
INV-2939,2026-07-04,C24,P13,1,6670.0
INV-2940,2026-07-04,C14,P08,251,380.0
INV-2941,2026-07-04,C24,P12,1,4490.0
INV-2942,2026-07-04,C25,P10,26,270.0
INV-2943,2026-07-06,C32,P13,1,7170.0
INV-2944,2026-07-07,C24,P19,1,1890.0
INV-2945,2026-07-07,C24,P19,2,1940.0
INV-2946,2026-07-07,C15,P12,1,4300.0
INV-2947,2026-07-07,C05,P07,15,5040.0
INV-2948,2026-07-08,C24,P15,3,24270.0
INV-2949,2026-07-08,C37,P11,11,1590.0
INV-2950,2026-07-08,C24,P05,6,860.0
INV-2951,2026-07-09,C15,P16,1,32920.0
INV-2952,2026-07-09,C39,P09,242,330.0
INV-2953,2026-07-09,C32,P16,1,32690.0
INV-2954,2026-07-09,C39,P02,2,31000.0
INV-2955,2026-07-09,C24,P10,141,270.0
INV-2956,2026-07-10,C40,P12,1,4350.0
INV-2957,2026-07-10,C35,P02,2,29510.0
INV-2958,2026-07-11,C15,P14,1,2220.0
INV-2959,2026-07-13,C14,P05,48,880.0
INV-2960,2026-07-13,C38,P14,1,2240.0
INV-2961,2026-07-13,C24,P15,3,24290.0
INV-2962,2026-07-13,C24,P03,13,8980.0
INV-2963,2026-07-14,C07,P19,1,2040.0
INV-2964,2026-07-14,C24,P14,1,2380.0
INV-2965,2026-07-14,C24,P13,1,6490.0
INV-2966,2026-07-15,C15,P04,3,35610.0
INV-2967,2026-07-15,C24,P12,1,4290.0
INV-2968,2026-07-17,C24,P15,1,25470.0
INV-2969,2026-07-17,C21,P13,1,6920.0
INV-2970,2026-07-17,C37,P11,5,1640.0
INV-2971,2026-07-18,C37,P13,1,7170.0
INV-2972,2026-07-18,C26,P04,1,34780.0
INV-2973,2026-07-18,C24,P01,8,21700.0
INV-2974,2026-07-18,C37,P05,22,890.0
INV-2975,2026-07-20,C39,P14,2,2190.0
INV-2976,2026-07-20,C24,P12,2,4520.0
INV-2977,2026-07-20,C24,P06,27,840.0
INV-2978,2026-07-21,C24,P10,44,280.0
INV-2979,2026-07-22,C22,P07,16,4790.0
INV-2980,2026-07-22,C24,P01,5,21970.0
INV-2981,2026-07-22,C24,P03,7,9730.0
INV-2982,2026-07-22,C38,P15,1,24690.0
INV-2983,2026-07-23,C39,P10,99,260.0
INV-2984,2026-07-23,C15,P07,1,5150.0
INV-2985,2026-07-23,C15,P09,97,350.0
INV-2986,2026-07-23,C19,P06,51,870.0
INV-2987,2026-07-24,C39,P02,1,28700.0
INV-2988,2026-07-24,C33,P12,1,4500.0
INV-2989,2026-07-24,C24,P07,6,4920.0
INV-2990,2026-07-25,C24,P19,1,2000.0
INV-2991,2026-07-25,C34,P08,65,360.0
INV-2992,2026-07-25,C24,P04,1,35230.0
INV-2993,2026-07-25,C15,P12,1,4610.0
INV-2994,2026-07-25,C24,P07,18,5150.0
INV-2995,2026-07-27,C03,P18,23,640.0
INV-2996,2026-07-27,C26,P12,1,4250.0
INV-2997,2026-07-27,C24,P10,80,260.0
INV-2998,2026-07-27,C24,P12,2,4490.0
INV-2999,2026-07-28,C24,P05,8,910.0
INV-3000,2026-07-28,C24,P02,8,29070.0
INV-3001,2026-07-30,C15,P09,108,330.0
INV-3002,2026-07-30,C24,P06,5,880.0
INV-3003,2026-07-30,C24,P05,42,870.0
INV-3004,2026-07-30,C33,P13,1,7140.0
INV-3005,2026-07-30,C24,P12,2,4500.0
INV-3006,2026-07-31,C24,P01,3,21370.0
INV-3007,2026-07-31,C36,P15,1,25310.0
INV-3008,2026-07-31,C15,P03,2,9450.0
INV-3009,2026-08-03,C32,P14,6,2310.0
INV-3010,2026-08-03,C15,P09,70,330.0
INV-3011,2026-08-03,C24,P06,53,860.0
INV-3012,2026-08-03,C21,P10,115,270.0
INV-3013,2026-08-03,C15,P16,1,31350.0
INV-3014,2026-08-03,C24,P16,1,29860.0
INV-3015,2026-08-03,C24,P11,2,1640.0
INV-3016,2026-08-04,C15,P08,332,370.0
INV-3017,2026-08-04,C26,P16,1,32480.0
INV-3018,2026-08-04,C15,P07,13,4860.0
INV-3019,2026-08-05,C15,P04,1,36540.0
INV-3020,2026-08-05,C02,P01,4,20640.0
INV-3021,2026-08-05,C23,P05,20,890.0
INV-3022,2026-08-05,C24,P09,137,350.0
INV-3023,2026-08-06,C24,P11,1,1520.0
INV-3024,2026-08-06,C24,P19,1,2060.0
INV-3025,2026-08-06,C03,P08,63,360.0
INV-3026,2026-08-07,C24,P24,1,397990.0
INV-3027,2026-08-07,C39,P20,1,56700.0
INV-3028,2026-08-08,C02,P14,3,2200.0
INV-3029,2026-08-08,C05,P13,1,7130.0
INV-3030,2026-08-08,C15,P07,24,5140.0
INV-3031,2026-08-10,C32,P12,1,4380.0
INV-3032,2026-08-10,C24,P11,2,1550.0
INV-3033,2026-08-10,C15,P10,71,260.0
INV-3034,2026-08-10,C30,P06,15,840.0
INV-3035,2026-08-11,C05,P03,12,9630.0
INV-3036,2026-08-12,C24,P10,35,260.0
INV-3037,2026-08-12,C15,P02,10,28810.0
INV-3038,2026-08-12,C24,P05,35,920.0
INV-3039,2026-08-12,C24,P05,56,870.0
INV-3040,2026-08-13,C24,P15,1,23890.0
INV-3041,2026-08-14,C32,P18,5,620.0
INV-3042,2026-08-14,C27,P13,1,7030.0
INV-3043,2026-08-14,C36,P19,1,2060.0
INV-3044,2026-08-15,C24,P04,1,37650.0
INV-3045,2026-08-15,C33,P05,24,910.0
INV-3046,2026-08-15,C39,P07,11,5180.0
INV-3047,2026-08-15,C14,P09,113,340.0
INV-3048,2026-08-17,C05,P09,51,330.0
INV-3049,2026-08-17,C15,P10,61,260.0
INV-3050,2026-08-17,C24,P02,4,28140.0
INV-3051,2026-08-17,C15,P07,1,4860.0
INV-3052,2026-08-18,C15,P11,6,1500.0
INV-3053,2026-08-19,C32,P15,1,24660.0
INV-3054,2026-08-19,C32,P18,4,620.0
INV-3055,2026-08-19,C24,P15,1,24460.0
INV-3056,2026-08-19,C24,P01,11,21580.0
INV-3057,2026-08-19,C24,P07,14,4980.0
INV-3058,2026-08-20,C32,P15,4,23890.0
INV-3059,2026-08-20,C24,P12,3,4480.0
INV-3060,2026-08-20,C15,P18,2,650.0
INV-3061,2026-08-21,C24,P13,1,6690.0
INV-3062,2026-08-21,C05,P04,2,35530.0
INV-3063,2026-08-22,C24,P15,1,25220.0
INV-3064,2026-08-24,C15,P01,2,21390.0
INV-3065,2026-08-24,C39,P06,11,890.0
INV-3066,2026-08-24,C05,P12,1,4360.0
INV-3067,2026-08-25,C33,P02,2,29070.0
INV-3068,2026-08-25,C33,P15,1,24650.0
INV-3069,2026-08-25,C24,P18,18,600.0
INV-3070,2026-08-26,C27,P11,1,1640.0
INV-3071,2026-08-26,C24,P11,1,1620.0
INV-3072,2026-08-26,C06,P10,77,280.0
INV-3073,2026-08-26,C24,P09,67,320.0
INV-3074,2026-08-26,C24,P20,1,53570.0
INV-3075,2026-08-26,C23,P02,4,28150.0
INV-3076,2026-08-27,C15,P07,7,4860.0
INV-3077,2026-08-27,C24,P12,1,4490.0
INV-3078,2026-08-27,C39,P11,1,1610.0
INV-3079,2026-08-27,C24,P08,37,390.0
INV-3080,2026-08-28,C24,P19,1,2010.0
INV-3081,2026-08-28,C24,P01,5,20750.0
INV-3082,2026-08-28,C15,P01,6,21750.0
INV-3083,2026-08-29,C15,P15,1,24550.0
INV-3084,2026-08-31,C24,P03,9,9560.0
INV-3085,2026-08-31,C32,P06,26,880.0
INV-3086,2026-09-01,C15,P12,1,4580.0
INV-3087,2026-09-01,C34,P11,1,1630.0
INV-3088,2026-09-01,C24,P11,1,1530.0
INV-3089,2026-09-01,C24,P08,175,380.0
INV-3090,2026-09-01,C01,P05,15,880.0
INV-3091,2026-09-01,C39,P03,3,9650.0
INV-3092,2026-09-01,C15,P03,3,9080.0
INV-3093,2026-09-02,C24,P02,1,29730.0
INV-3094,2026-09-02,C24,P11,2,1590.0
INV-3095,2026-09-02,C24,P18,7,590.0
INV-3096,2026-09-02,C24,P05,2,950.0
INV-3097,2026-09-02,C02,P09,55,350.0
INV-3098,2026-09-02,C24,P14,1,2180.0
INV-3099,2026-09-02,C15,P07,4,5120.0
INV-3100,2026-09-03,C37,P02,2,30910.0
INV-3101,2026-09-03,C24,P11,1,1510.0
INV-3102,2026-09-04,C32,P14,1,2250.0
INV-3103,2026-09-04,C25,P12,1,4340.0
INV-3104,2026-09-04,C24,P03,3,9510.0
INV-3105,2026-09-04,C24,P16,1,32080.0
INV-3106,2026-09-04,C24,P07,12,5030.0
INV-3107,2026-09-04,C24,P08,24,370.0
INV-3108,2026-09-04,C39,P04,1,35010.0
INV-3109,2026-09-05,C38,P14,1,2170.0
INV-3110,2026-09-05,C24,P11,1,1490.0
INV-3111,2026-09-05,C24,P01,7,20460.0
INV-3112,2026-09-05,C24,P12,1,4340.0
INV-3113,2026-09-07,C15,P12,1,4530.0
INV-3114,2026-09-07,C24,P05,6,900.0
INV-3115,2026-09-07,C15,P05,40,940.0
INV-3116,2026-09-07,C15,P01,3,22000.0
INV-3117,2026-09-08,C15,P09,160,320.0
INV-3118,2026-09-08,C24,P06,3,830.0
INV-3119,2026-09-08,C14,P12,1,4340.0
INV-3120,2026-09-08,C24,P06,24,870.0
INV-3121,2026-09-08,C15,P17,1,28140.0
INV-3122,2026-09-08,C23,P15,4,23910.0
INV-3123,2026-09-09,C24,P02,5,28950.0
INV-3124,2026-09-09,C23,P18,2,610.0
INV-3125,2026-09-09,C01,P03,3,9030.0
INV-3126,2026-09-09,C15,P14,1,2380.0
INV-3127,2026-09-09,C24,P10,106,280.0
INV-3128,2026-09-10,C30,P11,1,1580.0
INV-3129,2026-09-10,C24,P12,1,4290.0
INV-3130,2026-09-10,C36,P15,1,25110.0
INV-3131,2026-09-11,C24,P01,1,20580.0
INV-3132,2026-09-11,C24,P11,2,1560.0
INV-3133,2026-09-11,C37,P14,2,2320.0
INV-3134,2026-09-11,C15,P10,27,260.0
INV-3135,2026-09-11,C32,P12,3,4440.0
INV-3136,2026-09-11,C37,P07,14,5200.0
INV-3137,2026-09-11,C14,P12,1,4570.0
INV-3138,2026-09-12,C24,P12,1,4300.0
INV-3139,2026-09-12,C22,P04,1,34830.0
INV-3140,2026-09-12,C24,P14,1,2360.0
INV-3141,2026-09-12,C24,P02,2,29930.0
INV-3142,2026-09-14,C24,P10,137,260.0
INV-3143,2026-09-14,C26,P11,2,1490.0
INV-3144,2026-09-14,C24,P11,4,1650.0
INV-3145,2026-09-14,C36,P05,18,880.0
INV-3146,2026-09-14,C32,P05,30,870.0
INV-3147,2026-09-14,C39,P11,1,1620.0
INV-3148,2026-09-14,C24,P15,1,25890.0
INV-3149,2026-09-14,C35,P12,1,4700.0
INV-3150,2026-09-15,C24,P09,126,330.0
INV-3151,2026-09-15,C31,P04,2,38000.0
INV-3152,2026-09-15,C15,P08,38,350.0
INV-3153,2026-09-15,C21,P07,20,5080.0
INV-3154,2026-09-15,C25,P06,17,830.0
INV-3155,2026-09-16,C24,P03,3,9250.0
INV-3156,2026-09-16,C37,P06,18,810.0
INV-3157,2026-09-16,C39,P04,1,35100.0
INV-3158,2026-09-17,C24,P02,4,29650.0
INV-3159,2026-09-17,C24,P03,1,9180.0
INV-3160,2026-09-17,C22,P01,1,20720.0
INV-3161,2026-09-17,C24,P04,1,36650.0
INV-3162,2026-09-17,C24,P04,1,34860.0
INV-3163,2026-09-17,C24,P02,3,29480.0
INV-3164,2026-09-17,C24,P05,8,920.0
INV-3165,2026-09-17,C15,P06,27,810.0
INV-3166,2026-09-18,C15,P19,1,1970.0
INV-3167,2026-09-19,C16,P03,1,9400.0
INV-3168,2026-09-21,C24,P01,2,21370.0
INV-3169,2026-09-21,C24,P18,9,610.0
INV-3170,2026-09-21,C24,P18,7,590.0
INV-3171,2026-09-21,C24,P08,86,380.0
INV-3172,2026-09-21,C40,P01,6,20680.0
INV-3173,2026-09-22,C24,P04,1,35350.0
INV-3174,2026-09-22,C24,P19,1,2100.0
