method,month,actual,forecast
Same as last month,2011-06-01,132199.0,152723.0
Same as last month,2011-07-01,129999.0,132199.0
Same as last month,2011-08-01,150839.0,129999.0
Same as last month,2011-09-01,178687.0,150839.0
Same as last month,2011-10-01,172214.0,178687.0
Same as last month,2011-11-01,234686.0,172214.0
Same month last year,2011-06-01,132199.0,120728.0
Same month last year,2011-07-01,129999.0,104459.0
Same month last year,2011-08-01,150839.0,116222.0
Same month last year,2011-09-01,178687.0,140505.0
Same month last year,2011-10-01,172214.0,155797.0
Same month last year,2011-11-01,234686.0,220401.0
3-month average,2011-06-01,132199.0,127232.33333333333
3-month average,2011-07-01,129999.0,127776.0
3-month average,2011-08-01,150839.0,138307.0
3-month average,2011-09-01,178687.0,137679.0
3-month average,2011-10-01,172214.0,153175.0
3-month average,2011-11-01,234686.0,167246.66666666666
Exponential smoothing,2011-06-01,132199.0,126383.7310074512
Exponential smoothing,2011-07-01,129999.0,128128.31170521583
Exponential smoothing,2011-08-01,150839.0,128689.51819365106
Exponential smoothing,2011-09-01,178687.0,135334.36273555574
Exponential smoothing,2011-10-01,172214.0,148340.15391488903
Exponential smoothing,2011-11-01,234686.0,155502.30774042231
3-month average x seasonality,2011-06-01,132199.0,135000.46369705995
3-month average x seasonality,2011-07-01,129999.0,130525.79847408806
3-month average x seasonality,2011-08-01,150839.0,143283.96538585375
3-month average x seasonality,2011-09-01,178687.0,157811.0149703422
3-month average x seasonality,2011-10-01,172214.0,196895.88310526658
3-month average x seasonality,2011-11-01,234686.0,266811.31189814745
Exp. smoothing x seasonality,2011-06-01,132199.0,130066.18006674187
Exp. smoothing x seasonality,2011-07-01,129999.0,129819.84886669384
Exp. smoothing x seasonality,2011-08-01,150839.0,133487.87053329364
Exp. smoothing x seasonality,2011-09-01,178687.0,156556.96057230688
Exp. smoothing x seasonality,2011-10-01,172214.0,192880.24779482128
Exp. smoothing x seasonality,2011-11-01,234686.0,255584.8945638634
