month,revenue_gbp,orders,customers
2009-12-01,797738.02,1666,951
2010-01-01,612271.2,1049,701
2010-02-01,534262.74,1189,771
2010-03-01,761665.62,1647,1051
2010-04-01,646002.78,1435,939
2010-05-01,642490.28,1483,965
2010-06-01,696439.47,1612,1034
2010-07-01,632983.51,1507,924
2010-08-01,663614.87,1402,910
2010-09-01,869224.44,1789,1136
2010-10-01,1091189.68,2244,1492
2010-11-01,1413471.07,2718,1605
2010-12-01,775572.23,1550,884
2011-01-01,578017.49,1079,738
2011-02-01,507639.42,1092,756
2011-03-01,689708.49,1440,973
2011-04-01,500803.38,1235,853
2011-05-01,739914.35,1668,1054
2011-06-01,736725.73,1525,990
2011-07-01,688144.79,1452,946
2011-08-01,724196.76,1339,933
2011-09-01,1028313.8,1818,1259
2011-10-01,1099105.68,2005,1361
2011-11-01,1452112.69,2751,1660
2011-12-01,446018.03,815,613
