country,sold_gbp,returned_gbp,return_rate_pct
Norway,38575.0,20867.0,54.1
Spain,97767.0,17319.0,17.7
Portugal,47338.0,4880.0,10.3
France,300668.0,28723.0,9.6
Channel Islands,44030.0,3543.0,8.0
EIRE,623414.0,48814.0,7.8
Japan,43024.0,3362.0,7.8
United Kingdom,16498837.0,1265460.0,7.7
Denmark,63792.0,4121.0,6.5
Italy,28938.0,1854.0,6.4
Sweden,86319.0,4094.0,4.7
Belgium,56993.0,2179.0,3.8
Germany,383289.0,13061.0,3.4
Cyprus,24484.0,817.0,3.3
Austria,20297.0,435.0,2.1
Australia,167800.0,2839.0,1.7
Finland,25180.0,411.0,1.6
Switzerland,94025.0,1283.0,1.4
Netherlands,549773.0,5707.0,1.0
